Date,Hashrate(TH/s)
2012/01/01,8.764382025
2012/01/02,9.340986105
2012/01/03,9.340986105
2012/01/04,8.476079985
2012/01/05,9.80226937
2012/01/06,9.80226937
2012/01/07,9.283325697
2012/01/08,10.01025622
2012/01/09,10.01025622
2012/01/10,9.450676678
2012/01/11,10.32113374
2012/01/12,10.32113374
2012/01/13,9.948080714
2012/01/14,9.20197466
2012/01/15,9.20197466
2012/01/16,9.823729705
2012/01/17,8.828921633
2012/01/18,8.828921633
2012/01/19,8.580219616
2012/01/20,11.1294153
2012/01/21,11.1294153
2012/01/22,11.11628753
2012/01/23,8.77601647
2012/01/24,8.77601647
2012/01/25,8.450978823
2012/01/26,9.036046588
2012/01/27,9.036046588
2012/01/28,10.59622729
2012/01/29,10.79124988
2012/01/30,10.79124988
2012/01/31,8.77601647
2012/02/01,10.59622729
2012/02/02,10.59622729
2012/02/03,11.24755398
2012/02/04,9.327239883
2012/02/05,9.327239883
2012/02/06,9.807318406
2012/02/07,9.052909298
2012/02/08,9.052909298
2012/02/09,10.08164899
2012/02/10,9.464405175
2012/02/11,9.464405175
2012/02/12,10.08164899
2012/02/13,9.327239883
2012/02/14,9.327239883
2012/02/15,8.847161359
2012/02/16,9.73873576
2012/02/17,9.73873576
2012/02/18,10.74136802
2012/02/19,9.988788097
2012/02/20,9.988788097
2012/02/21,10.74136802
2012/02/22,11.49394795
2012/02/23,11.49394795
2012/02/24,11.42553159
2012/02/25,10.39928624
2012/02/26,10.39928624
2012/02/27,10.26245352
2012/02/28,12.72544237
2012/02/29,12.72544237
2012/03/01,9.897222875
2012/03/02,8.855409941
2012/03/03,8.855409941
2012/03/04,9.822807666
2012/03/05,11.01345102
2012/03/06,11.01345102
2012/03/07,11.6087727
2012/03/08,12.35292479
2012/03/09,12.35292479
2012/03/10,9.897222875
2012/03/11,12.57617042
2012/03/12,12.57617042
2012/03/13,10.26929892
2012/03/14,9.599562037
2012/03/15,9.599562037
2012/03/16,12.81066608
2012/03/17,11.61897621
2012/03/18,11.61897621
2012/03/19,11.02313128
2012/03/20,12.06585992
2012/03/21,12.06585992
2012/03/22,9.682480179
2012/03/23,12.81066608
2012/03/24,12.81066608
2012/03/25,11.32105375
2012/03/26,11.02313128
2012/03/27,11.02313128
2012/03/28,11.23904129
2012/03/29,12.12846182
2012/03/30,12.12846182
2012/03/31,12.12846182
2012/04/01,10.26876434
2012/04/02,10.26876434
2012/04/03,11.40075411
2012/04/04,9.621913043
2012/04/05,9.621913043
2012/04/06,10.6730464
2012/04/07,11.80503617
2012/04/08,11.80503617
2012/04/09,11.56246693
2012/04/10,11.56246693
2012/04/11,11.56246693
2012/04/12,9.883251608
2012/04/13,10.43232114
2012/04/14,10.43232114
2012/04/15,10.43232114
2012/04/16,11.13826769
2012/04/17,11.13826769
2012/04/18,12.23640675
2012/04/19,12.15796825
2012/04/20,12.15796825
2012/04/21,11.68733722
2012/04/22,11.60889871
2012/04/23,11.60889871
2012/04/24,10.82451367
2012/04/25,12.07952974
2012/04/26,12.07952974
2012/04/27,11.6988143
2012/04/28,12.44873829
2012/04/29,12.44873829
2012/04/30,13.42363949
2012/05/01,11.5488295
2012/05/02,11.5488295
2012/05/03,11.6238219
2012/05/04,11.6988143
2012/05/05,11.6988143
2012/05/06,12.82370029
2012/05/07,13.94858628
2012/05/08,13.94858628
2012/05/09,12.40678265
2012/05/10,10.59746018
2012/05/11,10.59746018
2012/05/12,11.37288409
2012/05/13,12.32062444
2012/05/14,12.32062444
2012/05/15,9.649719838
2012/05/16,10.16666911
2012/05/17,10.16666911
2012/05/18,12.57909907
2012/05/19,12.23446622
2012/05/20,12.23446622
2012/05/21,10.0805109
2012/05/22,10.42514375
2012/05/23,10.42514375
2012/05/24,9.174760781
2012/05/25,10.67752332
2012/05/26,10.67752332
2012/05/27,10.91480162
2012/05/28,10.75661609
2012/05/29,10.75661609
2012/05/30,11.54754374
2012/05/31,11.94300757
2012/06/01,11.94300757
2012/06/02,12.49665693
2012/06/03,11.94300757
2012/06/04,11.94300757
2012/06/05,13.36667734
2012/06/06,9.965688435
2012/06/07,9.965688435
2012/06/08,13.14293301
2012/06/09,13.3790336
2012/06/10,13.3790336
2012/06/11,11.01802767
2012/06/12,12.74943202
2012/06/13,12.74943202
2012/06/14,12.51333143
2012/06/15,12.59203163
2012/06/16,12.59203163
2012/06/17,12.35593103
2012/06/18,14.32343598
2012/06/19,14.32343598
2012/06/20,10.47102688
2012/06/21,12.10176058
2012/06/22,12.10176058
2012/06/23,12.01593249
2012/06/24,13.13169765
2012/06/25,13.13169765
2012/06/26,13.90415045
2012/06/27,11.58679204
2012/06/28,11.58679204
2012/06/29,12.18758867
2012/06/30,11.84427631
2012/07/01,11.84427631
2012/07/02,12.44507293
2012/07/03,13.84337907
2012/07/04,13.84337907
2012/07/05,13.32098741
2012/07/06,14.80109712
2012/07/07,14.80109712
2012/07/08,14.36577074
2012/07/09,13.14685686
2012/07/10,13.14685686
2012/07/11,13.14685686
2012/07/12,14.01750963
2012/07/13,14.01750963
2012/07/14,12.9727263
2012/07/15,12.88566103
2012/07/16,12.88566102
2012/07/17,14.00960107
2012/07/18,13.26737055
2012/07/19,13.26737055
2012/07/20,13.91682225
2012/07/21,12.89625529
2012/07/22,12.89625529
2012/07/23,14.93738922
2012/07/24,14.28793751
2012/07/25,14.28793751
2012/07/26,15.58684092
2012/07/27,15.77239855
2012/07/28,15.77239855
2012/07/29,18.73004176
2012/07/30,13.46538137
2012/07/31,13.46538137
2012/08/01,15.59149422
2012/08/02,17.51512013
2012/08/03,17.51512013
2012/08/04,14.680303
2012/08/05,14.27532912
2012/08/06,14.27532912
2012/08/07,17.21138972
2012/08/08,16.09771157
2012/08/09,16.09771157
2012/08/10,15.9964681
2012/08/11,18.40554294
2012/08/12,18.40554294
2012/08/13,17.75209171
2012/08/14,18.62336001
2012/08/15,18.62336001
2012/08/16,15.57392095
2012/08/17,16.11846364
2012/08/18,16.11846364
2012/08/19,20.5837137
2012/08/20,19.7124454
2012/08/21,19.7124454
2012/08/22,17.96990879
2012/08/23,16.98973194
2012/08/24,16.98973194
2012/08/25,21.35320036
2012/08/26,18.07742531
2012/08/27,18.07742531
2012/08/28,20.13995034
2012/08/29,19.16935033
2012/08/30,19.16935033
2012/08/31,19.77597534
2012/09/01,18.56272532
2012/09/02,18.56272532
2012/09/03,15.52960026
2012/09/04,21.83850037
2012/09/05,21.83850037
2012/09/06,23.03455822
2012/09/07,18.74905902
2012/09/08,18.74905902
2012/09/09,19.28474642
2012/09/10,21.15965232
2012/09/11,21.15965232
2012/09/12,19.41866827
2012/09/13,21.69533972
2012/09/14,21.69533972
2012/09/15,20.08827752
2012/09/16,23.57024562
2012/09/17,23.57024562
2012/09/18,19.15082457
2012/09/19,20.92944794
2012/09/20,20.92944794
2012/09/21,24.48887787
2012/09/22,21.21420234
2012/09/23,21.21420234
2012/09/24,21.21420234
2012/09/25,20.35993916
2012/09/26,20.35993916
2012/09/27,23.34986029
2012/09/28,23.91936908
2012/09/29,23.91936908
2012/09/30,21.07182514
2012/10/01,19.36329878
2012/10/02,19.36329878
2012/10/03,20.34741197
2012/10/04,20.65110469
2012/10/05,20.65110469
2012/10/06,20.80295104
2012/10/07,25.20649543
2012/10/08,25.20649543
2012/10/09,22.62510734
2012/10/10,20.9547974
2012/10/11,20.9547974
2012/10/12,22.16956827
2012/10/13,20.9547974
2012/10/14,20.9547974
2012/10/15,23.08064641
2012/10/16,21.53435778
2012/10/17,21.53435778
2012/10/18,24.28342473
2012/10/19,21.07617995
2012/10/20,21.07617995
2012/10/21,25.35250632
2012/10/22,20.92345401
2012/10/23,20.92345401
2012/10/24,21.07617995
2012/10/25,24.58887661
2012/10/26,24.58887661
2012/10/27,25.81068415
2012/10/28,24.13069879
2012/10/29,24.13069879
2012/10/30,22.83220217
2012/10/31,22.17516038
2012/11/01,22.17516038
2012/11/02,23.48924396
2012/11/03,26.28167156
2012/11/04,26.28167156
2012/11/05,22.33942083
2012/11/06,25.78889022
2012/11/07,25.78889022
2012/11/08,23.81776485
2012/11/09,26.28167156
2012/11/10,26.28167156
2012/11/11,23.61218753
2012/11/12,22.77487591
2012/11/13,22.77487591
2012/11/14,22.77487591
2012/11/15,23.61218753
2012/11/16,23.61218753
2012/11/17,26.62650934
2012/11/18,20.59786571
2012/11/19,20.59786571
2012/11/20,25.78919772
2012/11/21,24.61696146
2012/11/22,24.61696146
2012/11/23,27.12889631
2012/11/24,23.61218753
2012/11/25,23.61218753
2012/11/26,25.98426193
2012/11/27,28.89039649
2012/11/28,28.89039649
2012/11/29,22.05243282
2012/11/30,27.35185466
2012/12/01,27.35185466
2012/12/02,25.64236375
2012/12/03,18.97534917
2012/12/04,18.97534917
2012/12/05,24.4457201
2012/12/06,21.19768736
2012/12/07,21.19768736
2012/12/08,22.22338191
2012/12/09,24.27477101
2012/12/10,24.27477101
2012/12/11,21.61171133
2012/12/12,22.78443985
2012/12/13,22.78443985
2012/12/14,19.76885222
2012/12/15,19.26625428
2012/12/16,19.26625428
2012/12/17,21.10911339
2012/12/18,23.95716837
2012/12/19,23.95716837
2012/12/20,20.27145016
2012/12/21,24.12470102
2012/12/22,24.12470102
2012/12/23,21.27664603
2012/12/24,20.60651545
2012/12/25,20.60651545
2012/12/26,23.84708488
2012/12/27,26.06886297
2012/12/28,26.06886297
2012/12/29,23.69896634
2012/12/30,24.88391466
2012/12/31,24.88391466
2013/01/01,23.10649218
2013/01/02,23.69896634
2013/01/03,23.69896634
2013/01/04,22.0696624
2013/01/05,21.03283263
2013/01/06,21.03283263
2013/01/07,23.26118199
2013/01/08,21.64582213
2013/01/09,21.64582213
2013/01/10,19.54585431
2013/01/11,19.22278234
2013/01/12,19.22278234
2013/01/13,24.87654185
2013/01/14,20.51507022
2013/01/15,20.51507022
2013/01/16,19.86892628
2013/01/17,20.19199825
2013/01/18,20.19199825
2013/01/19,21.32275015
2013/01/20,23.58425396
2013/01/21,23.58425396
2013/01/22,21.64582213
2013/01/23,23.90732593
2013/01/24,23.90732593
2013/01/25,22.13679333
2013/01/26,22.43195058
2013/01/27,22.43195058
2013/01/28,23.9077368
2013/01/29,21.39890022
2013/01/30,21.39890022
2013/01/31,22.5795292
2013/02/01,23.76015818
2013/02/02,23.76015818
2013/02/03,25.97383751
2013/02/04,28.00576717
2013/02/05,28.00576717
2013/02/06,24.09798571
2013/02/07,24.74928262
2013/02/08,24.74928262
2013/02/09,26.70317335
2013/02/10,25.88905221
2013/02/11,25.88905221
2013/02/12,25.56340376
2013/02/13,26.70317335
2013/02/14,26.70317335
2013/02/15,30.77377905
2013/02/16,30.28530636
2013/02/17,30.28530636
2013/02/18,30.12780025
2013/02/19,31.39824966
2013/02/20,31.39824966
2013/02/21,29.22033639
2013/02/22,29.40182916
2013/02/23,29.40182916
2013/02/24,35.39109065
2013/02/25,28.13137975
2013/02/26,28.13137975
2013/02/27,31.03526411
2013/02/28,34.30627041
2013/03/01,34.30627041
2013/03/02,33.00350064
2013/03/03,37.9974514
2013/03/04,37.9974514
2013/03/05,35.17478358
2013/03/06,33.00350064
2013/03/07,33.00350064
2013/03/08,36.91180993
2013/03/09,40.16873434
2013/03/10,40.16873434
2013/03/11,25.62113866
2013/03/12,33.43775723
2013/03/13,33.43775723
2013/03/14,40.96623399
2013/03/15,42.41210107
2013/03/16,42.41210107
2013/03/17,43.13503461
2013/03/18,47.47263586
2013/03/19,47.47263586
2013/03/20,53.73805988
2013/03/21,54.22001557
2013/03/22,54.22001557
2013/03/23,72.22873859
2013/03/24,45.26778087
2013/03/25,45.26778087
2013/03/26,41.93926757
2013/03/27,59.58038805
2013/03/28,59.58038805
2013/03/29,55.25332076
2013/03/30,52.25765879
2013/03/31,52.25765879
2013/04/01,58.24898273
2013/04/02,59.24753672
2013/04/03,59.24753672
2013/04/04,54.92547287
2013/04/05,64.07971834
2013/04/06,64.07971834
2013/04/07,64.46114524
2013/04/08,64.07971834
2013/04/09,64.07971834
2013/04/10,62.55401076
2013/04/11,65.98685282
2013/04/12,65.98685282
2013/04/13,62.17258387
2013/04/14,61.02830318
2013/04/15,61.02830318
2013/04/16,74.50115066
2013/04/17,72.71669197
2013/04/18,72.71669197
2013/04/19,64.68662782
2013/04/20,77.62395339
2013/04/21,77.62395339
2013/04/22,70.93223327
2013/04/23,78.07006806
2013/04/24,78.07006806
2013/04/25,76.73172404
2013/04/26,70.93223327
2013/04/27,70.93223327
2013/04/28,80.74675611
2013/04/29,74.63339018
2013/04/30,74.63339018
2013/05/01,72.128914
2013/05/02,73.63159971
2013/05/03,73.63159971
2013/05/04,77.13786636
2013/05/05,81.64592348
2013/05/06,81.64592348
2013/05/07,81.64592348
2013/05/08,83.14860919
2013/05/09,83.14860919
2013/05/10,87.65666632
2013/05/11,89.15935203
2013/05/12,89.15935203
2013/05/13,81.74987297
2013/05/14,81.74987297
2013/05/15,81.74987297
2013/05/16,89.53557516
2013/05/17,81.74987297
2013/05/18,81.74987297
2013/05/19,76.74477871
2013/05/20,82.86211614
2013/05/21,82.86211614
2013/05/22,89.53557516
2013/05/23,90.09169674
2013/05/24,90.09169674
2013/05/25,97.26804906
2013/05/26,103.9136922
2013/05/27,103.9136922
2013/05/28,101.4970947
2013/05/29,102.101244
2013/05/30,102.101244
2013/05/31,119.6215759
2013/06/01,123.2464721
2013/06/02,123.2464721
2013/06/03,126.8713683
2013/06/04,156.7035621
2013/06/05,156.7035621
2013/06/06,124.8973935
2013/06/07,130.327715
2013/06/08,130.327715
2013/06/09,139.6368375
2013/06/10,136.5337967
2013/06/11,136.5337967
2013/06/12,149.7217202
2013/06/13,133.4307558
2013/06/14,133.4307558
2013/06/15,145.067159
2013/06/16,148.0494004
2013/06/17,148.0494004
2013/06/18,120.1699679
2013/06/19,140.3585225
2013/06/20,140.3585225
2013/06/21,165.3538758
2013/06/22,169.1993148
2013/06/23,169.1993148
2013/06/24,142.281242
2013/06/25,181.6969915
2013/06/26,181.6969915
2013/06/27,161.5084369
2013/06/28,170.754179
2013/06/29,170.754179
2013/06/30,162.2694993
2013/07/01,166.5118392
2013/07/02,166.5118392
2013/07/03,180.2994437
2013/07/04,187.7235384
2013/07/05,187.7235384
2013/07/06,198.3293881
2013/07/07,197.2688031
2013/07/08,197.2688031
2013/07/09,181.3600287
2013/07/10,249.7082121
2013/07/11,249.7082121
2013/07/12,196.3851043
2013/07/13,211.9918675
2013/07/14,211.9918675
2013/07/15,213.2924311
2013/07/16,219.7952492
2013/07/17,219.7952492
2013/07/18,219.7952492
2013/07/19,243.205394
2013/07/20,243.205394
2013/07/21,279.6825502
2013/07/22,225.2998321
2013/07/23,225.2998321
2013/07/24,212.8694965
2013/07/25,276.5749663
2013/07/26,276.5749663
2013/07/27,275.0211744
2013/07/28,257.929463
2013/07/29,257.929463
2013/07/30,309.2045972
2013/07/31,287.4515099
2013/08/01,287.4515099
2013/08/02,332.7260031
2013/08/03,317.8555673
2013/08/04,317.8555672
2013/08/05,351.314048
2013/08/06,327.1495897
2013/08/07,327.1495897
2013/08/08,386.6313333
2013/08/09,369.9020929
2013/08/10,369.9020929
2013/08/11,425.6662275
2013/08/12,484.9527656
2013/08/13,484.9527656
2013/08/14,421.8078742
2013/08/15,434.4368525
2013/08/16,434.4368525
2013/08/17,497.5817439
2013/08/18,449.5916264
2013/08/19,449.5916264
2013/08/20,520.3139047
2013/08/21,525.365496
2013/08/22,525.365496
2013/08/23,607.9322986
2013/08/24,467.3888102
2013/08/25,467.3888102
2013/08/26,562.1739535
2013/08/27,545.8316874
2013/08/28,545.8316874
2013/08/29,634.0799243
2013/08/30,702.7174419
2013/08/31,702.7174419
2013/09/01,768.0865063
2013/09/02,604.6638454
2013/09/03,604.6638454
2013/09/04,704.3985918
2013/09/05,821.0781131
2013/09/06,821.0781131
2013/09/07,643.8980992
2013/09/08,834.0425044
2013/09/09,834.0425044
2013/09/10,868.6142144
2013/09/11,898.8644607
2013/09/12,898.8644606
2013/09/13,933.4361707
2013/09/14,1024.579581
2013/09/15,1024.579581
2013/09/16,990.9868074
2013/09/17,845.4181239
2013/09/18,845.4181239
2013/09/19,1080.567536
2013/09/20,1046.974763
2013/09/21,1046.974763
2013/09/22,1237.33381
2013/09/23,1125.3579
2013/09/24,1125.3579
2013/09/25,1265.031076
2013/09/26,1302.020289
2013/09/27,1302.020289
2013/09/28,1242.837548
2013/09/29,1213.246178
2013/09/30,1213.246178
2013/10/01,1279.826761
2013/10/02,1538.75125
2013/10/03,1538.75125
2013/10/04,1560.944778
2013/10/05,1900.662831
2013/10/06,1900.662831
2013/10/07,1467.838622
2013/10/08,1721.887615
2013/10/09,1721.887615
2013/10/10,1665.432283
2013/10/11,1853.616722
2013/10/12,1853.616722
2013/10/13,2427.57926
2013/10/14,2333.487041
2013/10/15,2333.487041
2013/10/16,2382.309675
2013/10/17,2302.45572
2013/10/18,2302.45572
2013/10/19,2874.742402
2013/10/20,2675.107513
2013/10/21,2675.107513
2013/10/22,2808.197439
2013/10/23,2781.579453
2013/10/24,2781.579453
2013/10/25,3867.201912
2013/10/26,3439.672053
2013/10/27,3439.672053
2013/10/28,3051.008544
2013/10/29,3808.902386
2013/10/30,3808.902386
2013/10/31,3692.303334
2013/11/01,4216.99907
2013/11/02,4216.99907
2013/11/03,3886.635088
2013/11/04,3303.639825
2013/11/05,3303.639825
2013/11/06,3911.362076
2013/11/07,3377.99452
2013/11/08,3377.99452
2013/11/09,4266.940446
2013/11/10,4952.698733
2013/11/11,4952.698733
2013/11/12,4774.909547
2013/11/13,4292.338902
2013/11/14,4292.338902
2013/11/15,4978.097188
2013/11/16,5847.426832
2013/11/17,5847.426832
2013/11/18,4696.119995
2013/11/19,4938.500381
2013/11/20,4938.500381
2013/11/21,5029.393026
2013/11/22,4908.202833
2013/11/23,4908.202833
2013/11/24,5453.558703
2013/11/25,4968.79793
2013/11/26,4968.79793
2013/11/27,5514.1538
2013/11/28,6505.60945
2013/11/29,6505.60945
2013/11/30,6857.264015
2013/12/01,5731.969408
2013/12/02,5731.969408
2013/12/03,6224.285799
2013/12/04,6013.29306
2013/12/05,6013.29306
2013/12/06,6751.767646
2013/12/07,6294.616711
2013/12/08,6294.616711
2013/12/09,9076.027624
2013/12/10,7134.389874
2013/12/11,7134.389874
2013/12/12,7495.624804
2013/12/13,9030.873258
2013/12/14,9030.873258
2013/12/15,8714.792694
2013/12/16,8895.410159
2013/12/17,8895.410159
2013/12/18,9753.343119
2013/12/19,9121.181991
2013/12/20,9121.181991
2013/12/21,9744.865734
2013/12/22,9333.937661
2013/12/23,9333.937661
2013/12/24,10097.0898
2013/12/25,10508.01787
2013/12/26,10508.01787
2013/12/27,9627.457714
2013/12/28,8805.601567
2013/12/29,8805.601567
2013/12/30,9920.977766
2013/12/31,11740.80209
2014/01/01,11740.80209
2014/01/02,11493.6341
2014/01/03,10435.93771
2014/01/04,10435.93771
2014/01/05,12480.81739
2014/01/06,13185.94832
2014/01/07,13185.94832
2014/01/08,12762.86976
2014/01/09,14243.64471
2014/01/10,14243.64471
2014/01/11,13397.4876
2014/01/12,18058.64887
2014/01/13,18058.64887
2014/01/14,15211.96531
2014/01/15,17791.77229
2014/01/16,17791.77229
2014/01/17,14500.29442
2014/01/18,16368.43051
2014/01/19,16368.43051
2014/01/20,15300.92417
2014/01/21,16902.18368
2014/01/22,16902.18368
2014/01/23,21375.12675
2014/01/24,16903.79922
2014/01/25,16903.79922
2014/01/26,17558.13983
2014/01/27,18103.42368
2014/01/28,18103.42368
2014/01/29,17449.08306
2014/01/30,20066.44552
2014/01/31,20066.44552
2014/02/01,19412.10491
2014/02/02,21157.01322
2014/02/03,21157.01322
2014/02/04,22283.13349
2014/02/05,21761.8906
2014/02/06,21761.8906
2014/02/07,22804.37638
2014/02/08,19676.91905
2014/02/09,19676.91905
2014/02/10,21761.8906
2014/02/11,21761.8906
2014/02/12,21761.8906
2014/02/13,24889.34793
2014/02/14,23455.92999
2014/02/15,23455.92999
2014/02/16,25824.93977
2014/02/17,25980.5117
2014/02/18,25980.5117
2014/02/19,26602.7994
2014/02/20,26136.08362
2014/02/21,26136.08362
2014/02/22,28314.09059
2014/02/23,28314.09059
2014/02/24,28314.09059
2014/02/25,28158.51867
2014/02/26,28314.09059
2014/02/27,28314.09059
2014/02/28,28072.73751
2014/03/01,28262.41817
2014/03/02,28262.41817
2014/03/03,26365.61158
2014/03/04,30538.58608
2014/03/05,30538.58608
2014/03/06,31676.67003
2014/03/07,33194.1153
2014/03/08,33194.1153
2014/03/09,31297.30871
2014/03/10,31866.35069
2014/03/11,31866.35069
2014/03/12,35706.23191
2014/03/13,29367.84755
2014/03/14,29367.84755
2014/03/15,33382.15765
2014/03/16,37607.74722
2014/03/17,37607.74722
2014/03/18,32748.31921
2014/03/19,35283.67296
2014/03/20,35283.67296
2014/03/21,37185.18827
2014/03/22,43312.29315
2014/03/23,43312.29315
2014/03/24,37582.75087
2014/03/25,39324.9976
2014/03/26,39324.9976
2014/03/27,45547.30735
2014/03/28,42560.59867
2014/03/29,42560.59867
2014/03/30,41813.9215
2014/03/31,44551.73779
2014/04/01,44551.73779
2014/04/02,51769.6171
2014/04/03,50027.37037
2014/04/04,50027.37037
2014/04/05,43198.27922
2014/04/06,44415.13216
2014/04/07,44415.13216
2014/04/08,44110.91892
2014/04/09,53237.31594
2014/04/10,53237.31594
2014/04/11,48674.11743
2014/04/12,60538.43356
2014/04/13,60538.43356
2014/04/14,59321.58062
2014/04/15,45327.77186
2014/04/16,45327.77186
2014/04/17,54119.54337
2014/04/18,56547.98442
2014/04/19,56547.98442
2014/04/20,61404.86652
2014/04/21,53425.70307
2014/04/22,53425.70307
2014/04/23,50997.26202
2014/04/24,56894.90457
2014/04/25,56894.90457
2014/04/26,57935.66502
2014/04/27,57588.74487
2014/04/28,57588.74487
2014/04/29,58067.92463
2014/04/30,66817.88587
2014/05/01,66817.88587
2014/05/02,57272.47361
2014/05/03,60454.2777
2014/05/04,60454.27769
2014/05/05,73976.94507
2014/05/06,64829.25832
2014/05/07,64829.25832
2014/05/08,66022.43485
2014/05/09,70397.41547
2014/05/10,70397.41547
2014/05/11,69096.59676
2014/05/12,74817.97102
2014/05/13,74817.97102
2014/05/14,73057.54817
2014/05/15,80099.23956
2014/05/16,80099.23956
2014/05/17,67776.27963
2014/05/18,77898.711
2014/05/19,77898.711
2014/05/20,78338.81671
2014/05/21,73497.65388
2014/05/22,73497.65388
2014/05/23,87319.1201
2014/05/24,78483.25676
2014/05/25,78483.25676
2014/05/26,67048.61008
2014/05/27,91996.9301
2014/05/28,91996.9301
2014/05/29,84720.33676
2014/05/30,79003.01342
2014/05/31,79003.01342
2014/06/01,93036.44344
2014/06/02,97714.25344
2014/06/03,97714.25344
2014/06/04,75364.71675
2014/06/05,86494.36212
2014/06/06,86494.36212
2014/06/07,87663.20486
2014/06/08,79481.30574
2014/06/09,79481.30574
2014/06/10,85325.51939
2014/06/11,90585.31168
2014/06/12,90585.31168
2014/06/13,102858.1604
2014/06/14,108702.374
2014/06/15,108702.374
2014/06/16,104027.0031
2014/06/17,113768.8429
2014/06/18,113768.8429
2014/06/19,123807.2702
2014/06/20,126484.1841
2014/06/21,126484.1841
2014/06/22,105738.101
2014/06/23,132507.2405
2014/06/24,132507.2405
2014/06/25,114438.0713
2014/06/26,125145.7271
2014/06/27,125145.7271
2014/06/28,145472.7434
2014/06/29,104506.2812
2014/06/30,104506.2812
2014/07/01,116210.9847
2014/07/02,111194.6832
2014/07/03,111194.6832
2014/07/04,127079.6379
2014/07/05,124571.4872
2014/07/06,124571.4872
2014/07/07,135440.1404
2014/07/08,132931.9897
2014/07/09,132931.9897
2014/07/10,125407.5374
2014/07/11,137948.2912
2014/07/12,137948.2912
2014/07/13,124959.9838
2014/07/14,118927.4328
2014/07/15,118927.4328
2014/07/16,147366.6015
2014/07/17,137025.0856
2014/07/18,137025.0856
2014/07/19,146504.8085
2014/07/20,128407.1557
2014/07/21,128407.1557
2014/07/22,125821.7767
2014/07/23,128407.1557
2014/07/24,128407.1557
2014/07/25,130395.0986
2014/07/26,149954.3634
2014/07/27,149954.3634
2014/07/28,138777.6407
2014/07/29,162993.8733
2014/07/30,162993.8733
2014/07/31,142503.215
2014/08/01,157405.5119
2014/08/02,157405.5119
2014/08/03,125738.1308
2014/08/04,122943.9502
2014/08/05,122943.9502
2014/08/06,146228.7892
2014/08/07,157903.3291
2014/08/08,157903.3291
2014/08/09,175557.1175
2014/08/10,178499.4155
2014/08/11,178499.4155
2014/08/12,153980.265
2014/08/13,166730.2233
2014/08/14,166730.2233
2014/08/15,167710.9893
2014/08/16,161826.3932
2014/08/17,161826.3932
2014/08/18,202037.8
2014/08/19,187281.3463
2014/08/20,187281.3463
2014/08/21,190837.3213
2014/08/22,186096.0214
2014/08/23,186096.0214
2014/08/24,158833.5469
2014/08/25,196763.9462
2014/08/26,196763.9462
2014/08/27,214543.8208
2014/08/28,196763.9462
2014/08/29,196763.9462
2014/08/30,231138.3705
2014/08/31,204522.6957
2014/09/01,204522.6957
2014/09/02,216794.0574
2014/09/03,227701.9345
2014/09/04,227701.9345
2014/09/05,229065.4191
2014/09/06,223611.4806
2014/09/07,223611.4806
2014/09/08,179979.9722
2014/09/09,212703.6035
2014/09/10,212703.6035
2014/09/11,219521.0267
2014/09/12,241336.7809
2014/09/13,241336.7809
2014/09/14,219460.9233
2014/09/15,250600.6489
2014/09/16,250600.6489
2014/09/17,274326.1542
2014/09/18,240220.7404
2014/09/19,240220.7404
2014/09/20,259497.7134
2014/09/21,232806.52
2014/09/22,232806.52
2014/09/23,241703.5845
2014/09/24,241703.5845
2014/09/25,241703.5845
2014/09/26,220547.69
2014/09/27,239501.0072
2014/09/28,239501.0072
2014/09/29,261900.3819
2014/09/30,249839.1801
2014/10/01,249839.1801
2014/10/02,242947.0648
2014/10/03,246393.1225
2014/10/04,246393.1225
2014/10/05,275684.6125
2014/10/06,260177.3531
2014/10/07,260177.3531
2014/10/08,247077.5603
2014/10/09,276657.2683
2014/10/10,276657.2683
2014/10/11,257517.4572
2014/10/12,266217.3713
2014/10/13,266217.3713
2014/10/14,255777.4744
2014/10/15,260997.4229
2014/10/16,260997.4229
2014/10/17,294057.0964
2014/10/18,233157.6978
2014/10/19,233157.6978
2014/10/20,243597.5947
2014/10/21,297537.0621
2014/10/22,297537.0621
2014/10/23,291583.5085
2014/10/24,271906.0938
2014/10/25,271906.0938
2014/10/26,266539.5262
2014/10/27,268328.3821
2014/10/28,268328.3821
2014/10/29,309472.0673
2014/10/30,336304.9055
2014/10/31,336304.9055
2014/11/01,293372.3644
2014/11/02,277272.6615
2014/11/03,277272.6615
2014/11/04,314993.4284
2014/11/05,285462.7945
2014/11/06,285462.7945
2014/11/07,307118.5927
2014/11/08,273650.541
2014/11/09,273650.541
2014/11/10,277587.9588
2014/11/11,265775.7052
2014/11/12,265775.7052
2014/11/13,287431.5034
2014/11/14,295306.3392
2014/11/15,295306.3392
2014/11/16,299243.757
2014/11/17,295306.3392
2014/11/18,295306.3392
2014/11/19,274455.5762
2014/11/20,248412.3463
2014/11/21,248412.3463
2014/11/22,282468.8777
2014/11/23,310515.4329
2014/11/24,310515.4329
2014/11/25,286475.5284
2014/11/26,262435.624
2014/11/27,262435.624
2014/11/28,302502.1314
2014/11/29,312518.7583
2014/11/30,312518.7583
2014/12/01,284472.2031
2014/12/02,242402.3702
2014/12/03,242402.3702
2014/12/04,298317.3202
2014/12/05,288373.4095
2014/12/06,288373.4095
2014/12/07,298317.3202
2014/12/08,276440.7167
2014/12/09,276440.7167
2014/12/10,288373.4095
2014/12/11,282407.0631
2014/12/12,282407.0631
2014/12/13,262519.2417
2014/12/14,304283.6666
2014/12/15,304283.6666
2014/12/16,252575.3311
2014/12/17,272641.7557
2014/12/18,272641.7557
2014/12/19,276564.6586
2014/12/20,284410.4645
2014/12/21,284410.4645
2014/12/22,317755.1397
2014/12/23,296179.1734
2014/12/24,296179.1734
2014/12/25,282449.0131
2014/12/26,313832.2367
2014/12/27,313832.2367
2014/12/28,331485.3001
2014/12/29,286371.916
2014/12/30,286371.916
2014/12/31,335365.2901
2015/01/01,323243.6531
2015/01/02,323243.6531
2015/01/03,335365.2901
2015/01/04,339405.8358
2015/01/05,339405.8358
2015/01/06,299000.3791
2015/01/07,272736.8323
2015/01/08,272736.8323
2015/01/09,284858.4693
2015/01/10,296980.1063
2015/01/11,296980.1063
2015/01/12,229513.5336
2015/01/13,330062.3197
2015/01/14,330062.3197
2015/01/15,325690.6334
2015/01/16,299460.5152
2015/01/17,299460.5152
2015/01/18,338805.6924
2015/01/19,262301.1812
2015/01/20,262301.1812
2015/01/21,327876.4765
2015/01/22,271044.5539
2015/01/23,271044.5539
2015/01/24,275416.2403
2015/01/25,277602.0835
2015/01/26,277602.0835
2015/01/27,324166.339
2015/01/28,348786.5672
2015/01/29,348786.5672
2015/01/30,318011.2819
2015/01/31,348786.5672
2015/02/01,348786.5672
2015/02/02,276977.5681
2015/02/03,330321.396
2015/02/04,330321.396
2015/02/05,359044.9957
2015/02/06,352889.9386
2015/02/07,352889.9386
2015/02/08,342533.0607
2015/02/09,331483.6071
2015/02/10,331483.6071
2015/02/11,300545.1371
2015/02/12,309384.7
2015/02/13,309384.7
2015/02/14,296125.3557
2015/02/15,349162.7328
2015/02/16,349162.7328
2015/02/17,355792.405
2015/02/18,362422.0771
2015/02/19,362422.0771
2015/02/20,304964.9185
2015/02/21,333693.4978
2015/02/22,333693.4978
2015/02/23,320255.6249
2015/02/24,362028.0977
2015/02/25,362028.0977
2015/02/26,366669.4836
2015/02/27,313293.5461
2015/02/28,313293.5461
2015/03/01,348103.9401
2015/03/02,357386.7119
2015/03/03,357386.7119
2015/03/04,264558.9945
2015/03/05,366669.4836
2015/03/06,366669.4836
2015/03/07,362028.0977
2015/03/08,311208.0239
2015/03/09,311208.0239
2015/03/10,391367.6664
2015/03/11,313565.6604
2015/03/12,313565.6604
2015/03/13,315923.297
2015/03/14,346572.572
2015/03/15,346572.572
2015/03/16,337142.0259
2015/03/17,332426.7528
2015/03/18,332426.7528
2015/03/19,332426.7528
2015/03/20,337142.0259
2015/03/21,337142.0259
2015/03/22,358360.7548
2015/03/23,387831.1122
2015/03/24,387831.1122
2015/03/25,346028.9564
2015/03/26,399442.8222
2015/03/27,399442.8222
2015/03/28,350673.6404
2015/03/29,329772.5625
2015/03/30,329772.5625
2015/03/31,329772.5625
2015/04/01,341384.2724
2015/04/02,341384.2724
2015/04/03,357640.6663
2015/04/04,371157.0054
2015/04/05,371157.0054
2015/04/06,390820.9527
2015/04/07,292501.2162
2015/04/08,292501.2162
2015/04/09,349035.0647
2015/04/10,336745.0976
2015/04/11,336745.0976
2015/04/12,346577.0713
2015/04/13,388362.9593
2015/04/14,388362.9593
2015/04/15,339203.091
2015/04/16,329371.1174
2015/04/17,329371.1174
2015/04/18,334287.1042
2015/04/19,408026.9066
2015/04/20,408026.9066
2015/04/21,338442.9619
2015/04/22,326609.2919
2015/04/23,326609.2919
2015/04/24,364477.0359
2015/04/25,352643.3659
2015/04/26,352643.3659
2015/04/27,371577.2379
2015/04/28,305308.6859
2015/04/29,305308.6859
2015/04/30,347909.8979
2015/05/01,347909.8979
2015/05/02,347909.8979
2015/05/03,312624.3333
2015/05/04,364728.3889
2015/05/05,364728.3889
2015/05/06,381306.952
2015/05/07,350518.1919
2015/05/08,350518.1919
2015/05/09,305519.2348
2015/05/10,352886.5581
2015/05/11,352886.5581
2015/05/12,383675.3182
2015/05/13,331571.2626
2015/05/14,331571.2626
2015/05/15,303150.8687
2015/05/16,419738.3697
2015/05/17,419738.3697
2015/05/18,329967.7357
2015/05/19,344525.1358
2015/05/20,344525.1358
2015/05/21,344525.1358
2015/05/22,291148.0021
2015/05/23,291148.0021
2015/05/24,349377.6025
2015/05/25,327541.5024
2015/05/26,327541.5024
2015/05/27,320262.8023
2015/05/28,380918.6361
2015/05/29,380918.6361
2015/05/30,356656.3026
2015/05/31,332393.9691
2015/06/01,332393.9691
2015/06/02,335928.1799
2015/06/03,335928.1799
2015/06/04,335928.1799
2015/06/05,380876.3167
2015/06/06,395070.4651
2015/06/07,395070.4651
2015/06/08,383242.0081
2015/06/09,373779.2424
2015/06/10,373779.2424
2015/06/11,321734.0315
2015/06/12,373779.2424
2015/06/13,373779.2424
2015/06/14,370533.2886
2015/06/15,303837.2967
2015/06/16,303837.2967
2015/06/17,380414.1763
2015/06/18,397705.7298
2015/06/19,397705.7298
2015/06/20,301367.0748
2015/06/21,365592.8448
2015/06/22,365592.8448
2015/06/23,373003.5106
2015/06/24,395235.5079
2015/06/25,395235.5079
2015/06/26,316188.4063
2015/06/27,363122.6229
2015/06/28,363122.6229
2015/06/29,351177.61
2015/06/30,356089.185
2015/07/01,356089.185
2015/07/02,397837.5722
2015/07/03,380647.0598
2015/07/04,380647.0598
2015/07/05,417483.872
2015/07/06,363456.5474
2015/07/07,363456.5474
2015/07/08,338898.6726
2015/07/09,383102.8473
2015/07/10,383102.8473
2015/07/11,350384.7518
2015/07/12,368157.8914
2015/07/13,368157.8914
2015/07/14,391009.0709
2015/07/15,345306.7119
2015/07/16,345306.7119
2015/07/17,406243.1905
2015/07/18,363079.8515
2015/07/19,363079.8515
2015/07/20,355462.7917
2015/07/21,373235.9313
2015/07/22,373235.9313
2015/07/23,426555.35
2015/07/24,397611.6003
2015/07/25,397611.6003
2015/07/26,402809.1376
2015/07/27,369025.1454
2015/07/28,369025.1454
2015/07/29,356031.3023
2015/07/30,361228.8395
2015/07/31,361228.8395
2015/08/01,408006.6749
2015/08/02,382018.9886
2015/08/03,382018.9886
2015/08/04,327444.8473
2015/08/05,363827.6082
2015/08/06,363827.6082
2015/08/07,411296.57
2015/08/08,353662.6557
2015/08/09,353662.6557
2015/08/10,442733.2505
2015/08/11,322225.9752
2015/08/12,322225.9752
2015/08/13,351042.9323
2015/08/14,351042.9323
2015/08/15,351042.9323
2015/08/16,385099.3362
2015/08/17,377240.1661
2015/08/18,379859.8895
2015/08/19,398197.9531
2015/08/20,406057.1232
2015/08/21,403437.3998
2015/08/22,412658.0936
2015/08/23,369504.306
2015/08/24,423446.5405
2015/08/25,372201.4177
2015/08/26,418052.317
2015/08/27,401869.6467
2015/08/28,401869.6467
2015/08/29,445023.4343
2015/08/30,388384.0881
2015/08/31,428840.7639
2015/09/01,409960.9819
2015/09/02,415355.2053
2015/09/03,407263.8701
2015/09/04,430369.7695
2015/09/05,427538.3894
2015/09/06,450189.4299
2015/09/07,385067.6885
2015/09/08,393561.8286
2015/09/09,399224.5888
2015/09/10,478503.2305
2015/09/11,489828.7508
2015/09/12,385067.6885
2015/09/13,396393.2087
2015/09/14,450189.4299
2015/09/15,461514.9501
2015/09/16,421875.6293
2015/09/17,399224.5888
2015/09/18,424738.9884
2015/09/19,389344.0727
2015/09/20,353949.157
2015/09/21,389344.0727
2015/09/22,471932.2093
2015/09/23,442436.4463
2015/09/24,427688.5647
2015/09/25,477831.362
2015/09/26,448335.5989
2015/09/27,409991.1069
2015/09/28,510276.7014
2015/09/29,510276.7014
2015/09/30,465548.4317
2015/10/01,377880.2205
2015/10/02,377880.2205
2015/10/03,456479.3064
2015/10/04,447410.1811
2015/10/05,447410.1811
2015/10/06,408110.6381
2015/10/07,414156.7217
2015/10/08,414156.7217
2015/10/09,450433.2228
2015/10/10,453456.2646
2015/10/11,453456.2646
2015/10/12,405087.5964
2015/10/13,459502.3481
2015/10/14,459502.3481
2015/10/15,469115.464
2015/10/16,396478.2309
2015/10/17,396478.2309
2015/10/18,432796.8474
2015/10/19,502407.5292
2015/10/20,384372.0253
2015/10/21,438849.9502
2015/10/22,475168.5668
2015/10/23,466088.9126
2015/10/24,420690.6419
2015/10/25,469115.464
2015/10/26,460035.8099
2015/10/27,478195.1182
2015/10/28,411610.9878
2015/10/29,458010.0135
2015/10/30,507524.6095
2015/10/31,470388.6625
2015/11/01,492051.2982
2015/11/02,448726.0267
2015/11/03,488956.636
2015/11/04,479672.6492
2015/11/05,461104.6757
2015/11/06,423968.7287
2015/11/07,504429.9473
2015/11/08,433252.7154
2015/11/09,454915.3512
2015/11/10,442536.7022
2015/11/11,579380.21
2015/11/12,477906.8399
2015/11/13,546646.8648
2015/11/14,497546.847
2015/11/15,474633.5053
2015/11/16,576106.8755
2015/11/17,527006.8577
2015/11/18,458266.8327
2015/11/19,458266.8327
2015/11/20,520460.1886
2015/11/21,582653.5445
2015/11/22,569560.2064
2015/11/23,523733.5231
2015/11/24,549490.4932
2015/11/25,556720.6312
2015/11/26,585641.1835
2015/11/27,538645.2861
2015/11/28,527800.079
2015/11/29,567565.8383
2015/11/30,542260.3551
2015/12/01,694093.2545
2015/12/02,531415.148
2015/12/03,520569.9409
2015/12/04,527800.079
2015/12/05,621791.8738
2015/12/06,621791.8738
2015/12/07,593762.3031
2015/12/08,625219.9086
2015/12/09,695999.5209
2015/12/10,770711.3338
2015/12/11,688135.1195
2015/12/12,656677.514
2015/12/13,585897.9018
2015/12/14,692067.3202
2015/12/15,758914.7318
2015/12/16,660609.7147
2015/12/17,625219.9086
2015/12/18,629152.1093
2015/12/19,720030.5864
2015/12/20,785065.6071
2015/12/21,715385.2278
2015/12/22,654995.5657
2015/12/23,766484.1726
2015/12/24,692158.4347
2015/12/25,622478.0553
2015/12/26,864036.7037
2015/12/27,905844.9313
2015/12/28,747902.7381
2015/12/29,706094.5105
2015/12/30,803647.0416
2015/12/31,743604.4442
2016/01/01,697129.1664
2016/01/02,707457.0059
2016/01/03,769424.0429
2016/01/04,903685.9565
2016/01/05,841718.9194
2016/01/06,702293.0862
2016/01/07,743604.4442
2016/01/08,903685.9565
2016/01/09,821063.2404
2016/01/10,877866.3577
2016/01/11,877866.3577
2016/01/12,908849.8762
2016/01/13,862135.5394
2016/01/14,743803.2105
2016/01/15,693089.3552
2016/01/16,783247.3201
2016/01/17,783247.3201
2016/01/18,986102.7412
2016/01/19,839596.0482
2016/01/20,822691.4298
2016/01/21,755072.9561
2016/01/22,929754.0131
2016/01/23,1008642.232
2016/01/24,935388.8859
2016/01/25,974832.9956
2016/01/26,978569.9154
2016/01/27,918901.0182
2016/01/28,883099.6798
2016/01/29,1014371.254
2016/01/30,1056139.482
2016/01/31,1068073.261
2016/02/01,1050172.592
2016/02/02,978569.9154
2016/02/03,1038238.813
2016/02/04,1103874.6
2016/02/05,1074040.151
2016/02/06,1139675.938
2016/02/07,1303860.281
2016/02/08,1153414.864
2016/02/09,1210727.404
2016/02/10,1210727.404
2016/02/11,1375500.956
2016/02/12,1139086.729
2016/02/13,1096102.325
2016/02/14,1289532.147
2016/02/15,1060281.987
2016/02/16,1067446.055
2016/02/17,1002969.447
2016/02/18,1289532.147
2016/02/19,1129682.78
2016/02/20,1284099.851
2016/02/21,1024028.995
2016/02/22,1056537.852
2016/02/23,1097173.923
2016/02/24,999647.3525
2016/02/25,1178446.066
2016/02/26,1219082.137
2016/02/27,1064665.066
2016/02/28,1210954.923
2016/02/29,1097173.923
2016/03/01,1040283.424
2016/03/02,1275972.637
2016/03/03,1080919.495
2016/03/04,1235336.566
2016/03/05,1292227.065
2016/03/06,1094688.803
2016/03/07,1220696.147
2016/03/08,1055311.508
2016/03/09,1299450.738
2016/03/10,1267948.902
2016/03/11,1283699.82
2016/03/12,1141941.557
2016/03/13,1189194.311
2016/03/14,1197069.77
2016/03/15,1197069.77
2016/03/16,1338828.033
2016/03/17,1063186.967
2016/03/18,1135311.137
2016/03/19,1110630.46
2016/03/20,1242260.737
2016/03/21,1036588.429
2016/03/22,1225806.952
2016/03/23,1242260.737
2016/03/24,1242260.737
2016/03/25,1192899.383
2016/03/26,1209353.168
2016/03/27,1258714.521
2016/03/28,1168218.706
2016/03/29,1398571.69
2016/03/30,1308075.875
2016/03/31,1028361.537
2016/04/01,1136310.019
2016/04/02,1244135.057
2016/04/03,1219252.356
2016/04/04,1360254.329
2016/04/05,1235840.823
2016/04/06,1285606.226
2016/04/07,1210958.122
2016/04/08,1169486.954
2016/04/09,1343665.862
2016/04/10,1443196.666
2016/04/11,1252429.291
2016/04/12,1260723.524
2016/04/13,1302194.693
2016/04/14,1465554.23
2016/04/15,1287911.293
2016/04/16,1270147
2016/04/17,1358968.468
2016/04/18,1199089.825
2016/04/19,1332322.028
2016/04/20,1465554.23
2016/04/21,1341204.175
2016/04/22,1270147
2016/04/23,1279029.147
2016/04/24,1172443.384
2016/04/25,1128032.65
2016/04/26,1341204.175
2016/04/27,1145796.944
2016/04/28,1207843.183
2016/04/29,1403229.58
2016/04/30,1296655.182
2016/05/01,1376585.981
2016/05/02,1394348.38
2016/05/03,1341061.181
2016/05/04,1492041.579
2016/05/05,1385467.181
2016/05/06,1438754.38
2016/05/07,1332179.981
2016/05/08,1447635.58
2016/05/09,1536447.578
2016/05/10,1403229.58
2016/05/11,1284309.113
2016/05/12,1342247.87
2016/05/13,1467781.843
2016/05/14,1390530.167
2016/05/15,1342247.87
2016/05/16,1361560.789
2016/05/17,1361560.789
2016/05/18,1487094.762
2016/05/19,1168431.599
2016/05/20,1438812.464
2016/05/21,1361560.789
2016/05/22,1776788.547
2016/05/23,1747819.168
2016/05/24,1456454.923
2016/05/25,1377192.07
2016/05/26,1357376.357
2016/05/27,1377192.07
2016/05/28,1317744.93
2016/05/29,1456454.923
2016/05/30,1436639.21
2016/05/31,1258297.79
2016/06/01,1426731.353
2016/06/02,1367284.213
2016/06/03,1406915.64
2016/06/04,1179034.937
2016/06/05,1694243.482
2016/06/06,1684335.625
2016/06/07,1406915.64
2016/06/08,1403462.34
2016/06/09,1608133.931
2016/06/10,1403462.34
2016/06/11,1520417.535
2016/06/12,1422954.872
2016/06/13,1569148.866
2016/06/14,1296253.41
2016/06/15,1500925
2016/06/16,1452193.671
2016/06/17,1452193.67
2016/06/18,1549656.33
2016/06/19,1725089.126
2016/06/20,1598387.66
2016/06/21,1551383.97
2016/06/22,1343144.516
2016/06/23,1457676.21
2016/06/24,1353556.48
2016/06/25,1728387.516
2016/06/26,1530560.02
2016/06/27,1530560.02
2016/06/28,1551383.975
2016/06/29,1520148.05
2016/06/30,1561795.94
2016/07/01,1634679.759
2016/07/02,1551383.97
2016/07/03,1603443.84
2016/07/04,1601825.836
2016/07/05,1538177.12
2016/07/06,1485136.53
2016/07/07,1463920.3
2016/07/08,1538177.12
2016/07/09,1580609.59
2016/07/10,1654866.426
2016/07/11,1516960.89
2016/07/12,1516960.89
2016/07/13,1379055.355
2016/07/14,1506352.77
2016/07/15,1432095.94
2016/07/16,1665474.544
2016/07/17,1580609.59
2016/07/18,1581302.69
2016/07/19,1358434.534
2016/07/20,1591915.46
2016/07/21,1411498.38
2016/07/22,1369047.303
2016/07/23,1390272.84
2016/07/24,1337208.99
2016/07/25,1400885.613
2016/07/26,1369047.3
2016/07/27,1358434.53
2016/07/28,1453949.462
2016/07/29,1560077.15
2016/07/30,1262919.6
2016/07/31,1634366.548
2016/08/01,1623753.77
2016/08/02,1555605.72
2016/08/03,1686075.879
2016/08/04,1535533.39
2016/08/05,1696112.04
2016/08/06,1676039.713
2016/08/07,1485352.56
2016/08/08,1495388.72
2016/08/09,1254520.743
2016/08/10,1525497.22
2016/08/11,1505424.89
2016/08/12,1495388.726
2016/08/13,1645931.21
2016/08/14,1645931.21
2016/08/15,1577645.903
2016/08/16,1469587.96
2016/08/17,1329112.64
2016/08/18,1664092.254
2016/08/19,1664092.25
2016/08/20,1685703.84
2016/08/21,1761344.399
2016/08/22,1718121.22
2016/08/23,1588451.69
2016/08/24,1653286.46
2016/08/25,1404753.2
2016/08/26,1426364.78
2016/08/27,1556034.316
2016/08/28,1642480.66
2016/08/29,1635101.52
2016/08/30,1810682.895
2016/08/31,1481467.82
2016/09/01,1547310.83
2016/09/02,1678996.866
2016/09/03,1382703.3
2016/09/04,1964316.59
2016/09/05,1536337.002
2016/09/06,1492441.65
2016/09/07,1668023.03
2016/09/08,1580232.344
2016/09/09,1569258.5
2016/09/10,1700944.53
2016/09/11,1799709.059
2016/09/12,1829872.71
2016/09/13,1863551.35
2016/09/14,1751289.223
2016/09/15,1728836.79
2016/09/16,1571669.81
2016/09/17,1829872.714
2016/09/18,1627800.88
2016/09/19,1493086.32
2016/09/20,1717610.584
2016/09/21,1863551.35
2016/09/22,1582896.02
2016/09/23,1526764.964
2016/09/24,1874777.56
2016/09/25,2230413.26
2016/09/26,1834694.782
2016/09/27,2026558.28
2016/09/28,1774737.43
2016/09/29,1714780.091
2016/09/30,1702788.62
2016/10/01,1882660.65
2016/10/02,1690797.152
2016/10/03,1822703.31
2016/10/04,1894652.12
2016/10/05,2002575.351
2016/10/06,1930626.53
2016/10/07,1726771.55
2016/10/08,2171858.804
2016/10/09,2056197.68
2016/10/10,1606404.44
2016/10/11,1786321.738
2016/10/12,1863429.15
2016/10/13,1644958.14
2016/10/14,1747768.032
2016/10/15,1824875.44
2016/10/16,1670660.61
2016/10/17,1606404.441
2016/10/18,1991941.5
2016/10/19,1619255.67
2016/10/20,1722065.561
2016/10/21,2107602.62
2016/10/22,1878507.28
2016/10/23,1815470.125
2016/10/24,1802862.69
2016/10/25,1752432.96
2016/10/26,1752432.968
2016/10/27,2042403.89
2016/10/28,1916329.57
2016/10/29,1878507.282
2016/10/30,2130655.91
2016/10/31,1853292.41
2016/11/01,1815470.125
2016/11/02,1676788.37
2016/11/03,1966759.3
2016/11/04,1462462.045
2016/11/05,1885928.48
2016/11/06,1949214.67
2016/11/07,1847956.772
2016/11/08,2139073.24
2016/11/09,1860614.01
2016/11/10,2126416.012
2016/11/11,2063129.82
2016/11/12,2126416.01
2016/11/13,1809985.057
2016/11/14,2177044.96
2016/11/15,1974529.15
2016/11/16,2177044.964
2016/11/17,2012500.86
2016/11/18,2073243.13
2016/11/19,1989192.74
2016/11/20,1807083.54
2016/11/21,1961175.94
2016/11/22,1877125.543
2016/11/23,2059234.73
2016/11/24,2297377.53
2016/11/25,2129276.735
2016/11/26,2157293.53
2016/11/27,2017209.53
2016/11/28,2297377.53
2016/11/29,2115268.33
2016/11/30,1989192.73
2016/12/01,2045226.338
2016/12/02,2052749.31
2016/12/03,2451895.01
2016/12/04,2109770.131
2016/12/05,2166790.94
2016/12/06,2138280.53
2016/12/07,2494660.628
2016/12/08,2238066.96
2016/12/09,1924452.48
2016/12/10,1881686.874
2016/12/11,2223811.75
2016/12/12,2223811.75
2016/12/13,2537426.239
2016/12/14,1981473.29
2016/12/15,1958064.63
2016/12/16,2050571.629
2016/12/17,2235585.61
2016/12/18,2173914.28
2016/12/19,2343510.433
2016/12/20,2127660.78
2016/12/21,2451435.25
2016/12/22,2451435.255
2016/12/23,2343510.43
2016/12/24,2112242.95
2016/12/25,2574777.91
2016/12/26,2189332.11
2016/12/27,2405181.75
2016/12/28,2589949.671
2016/12/29,2368856.4
2016/12/30,2479403.03
2016/12/31,2337271.654
2017/01/01,2463610.66
2017/01/02,2526780.16
2017/01/03,2589949.671
2017/01/04,2432025.91
2017/01/05,2210932.64
2017/01/06,2542572.542
2017/01/07,2195140.26
2017/01/08,2637326.79
2017/01/09,2147763.141
2017/01/10,2679581.83
2017/01/11,2562350.13
2017/01/12,2897297.864
2017/01/13,2528855.36
2017/01/14,2880550.47
2017/01/15,2796813.545
2017/01/16,2830308.31
2017/01/17,2646087.06
2017/01/18,2528855.361
2017/01/19,2914045.251
2017/01/20,3165256.048
2017/01/21,3031276.956
2017/01/22,3398969.892
2017/01/23,2715269.052
2017/01/24,2910612.149
2017/01/25,2930146.459
2017/01/26,3066886.627
2017/01/27,3320832.653
2017/01/28,2969215.078
2017/01/29,3262229.724
2017/01/30,2852009.22
2017/01/31,2832474.91
2017/02/01,3750587.467
2017/02/02,3066886.627
2017/02/03,2910612.149
2017/02/04,3043000.843
2017/02/05,3336807.821
2017/02/06,2623276.589
2017/02/07,3168918.119
2017/02/08,3063987.056
2017/02/09,3546669.948
2017/02/10,3105959.481
2017/02/11,2917083.567
2017/02/12,2959055.992
2017/02/13,3420752.672
2017/02/14,3546669.948
2017/02/15,2917083.567
2017/02/16,3189904.332
2017/02/17,3168918.119
2017/02/18,3330515.744
2017/02/19,2936112.564
2017/02/20,3242870.593
2017/02/21,3023757.715
2017/02/22,3045669.003
2017/02/23,3286693.168
2017/02/24,3637273.773
2017/02/25,3659185.061
2017/02/26,3900209.227
2017/02/27,3155225.442
2017/02/28,3352427.032
2017/03/01,3155225.442
2017/03/02,3440072.183
2017/03/03,3458650.323
2017/03/04,3069265.85
2017/03/05,3367030.447
2017/03/06,3252505.602
2017/03/07,3504460.261
2017/03/08,3252505.602
2017/03/09,3389935.416
2017/03/10,3573175.168
2017/03/11,3412840.385
2017/03/12,3550270.199
2017/03/13,3321220.509
2017/03/14,3573175.168
2017/03/15,3252505.602
2017/03/16,3504460.261
2017/03/17,3641704.837
2017/03/18,3712647.139
2017/03/19,3925474.045
2017/03/20,3216051.025
2017/03/21,3357935.629
2017/03/22,3807236.875
2017/03/23,3499820.233
2017/03/24,4161948.385
2017/03/25,3145108.723
2017/03/26,3925474.045
2017/03/27,3121461.289
2017/03/28,3665352.271
2017/03/29,3263345.893
2017/03/30,4073274.033
2017/03/31,3352999.966
2017/04/01,3278488.856
2017/04/02,3924251.812
2017/04/03,4371318.475
2017/04/04,3104629.598
2017/04/05,4023599.96
2017/04/06,3651044.408
2017/04/07,4023599.96
2017/04/08,3402674.04
2017/04/09,3949088.849
2017/04/10,3675881.445
2017/04/11,4147785.144
2017/04/12,3526859.224
2017/04/13,3287972.007
2017/04/14,3598646.527
2017/04/15,3909321.047
2017/04/16,3779873.33
2017/04/17,3572756.984
2017/04/18,3779873.33
2017/04/19,3702204.7
2017/04/20,3598646.527
2017/04/21,4323553.741
2017/04/22,3753983.787
2017/04/23,3961100.134
2017/04/24,3210303.377
2017/04/25,3831652.417
2017/04/26,3961100.134
2017/04/27,3814281.634
2017/04/28,3528859.199
2017/04/29,4488916.48
2017/04/30,3918071.61
2017/05/01,3892124.116
2017/05/02,4099704.069
2017/05/03,3425069.222
2017/05/04,4359179.01
2017/05/05,3347226.74
2017/05/06,4359179.01
2017/05/07,4333231.516
2017/05/08,4670548.939
2017/05/09,4021861.587
2017/05/10,4119773.002
2017/05/11,3757901.049
2017/05/12,4286790.827
2017/05/13,4398136.043
2017/05/14,4565153.868
2017/05/15,4732171.692
2017/05/16,3674392.137
2017/05/17,4314627.131
2017/05/18,3952755.178
2017/05/19,4565153.868
2017/05/20,4592990.172
2017/05/21,4091936.698
2017/05/22,4064100.394
2017/05/23,4976737.782
2017/05/24,4562009.633
2017/05/25,4828620.586
2017/05/26,4532386.194
2017/05/27,4976737.782
2017/05/28,4887867.464
2017/05/29,4473139.316
2017/05/30,5302595.613
2017/05/31,4858244.025
2017/06/01,5035984.66
2017/06/02,4325022.12
2017/06/03,5687700.322
2017/06/04,5432357.042
2017/06/05,5533581.086
2017/06/06,5094943.561
2017/06/07,5567322.434
2017/06/08,5567322.434
2017/06/09,5094943.561
2017/06/10,4757530.08
2017/06/11,4926236.821
2017/06/12,4959978.169
2017/06/13,4757530.08
2017/06/14,4723788.732
2017/06/15,5162426.257
2017/06/16,4993719.517
2017/06/17,5129905.644
2017/06/18,5129905.644
2017/06/19,5342177.602
2017/06/20,4882255.027
2017/06/21,4953012.346
2017/06/22,4917633.687
2017/06/23,5660585.539
2017/06/24,5165284.304
2017/06/25,4316196.473
2017/06/26,5023769.665
2017/06/27,4634604.41
2017/06/28,5554449.56
2017/06/29,4245439.154
2017/06/30,5448313.581
2017/07/01,6622798.791
2017/07/02,6622798.791
2017/07/03,5988701.034
2017/07/04,5389830.931
2017/07/05,5248920.318
2017/07/06,5002326.746
2017/07/07,5213692.665
2017/07/08,5812562.768
2017/07/09,4861416.134
2017/07/10,6939847.669
2017/07/11,6094383.994
2017/07/12,6235294.606
2017/07/13,5530741.543
2017/07/14,5559049.844
2017/07/15,5079131.872
2017/07/16,6518885.788
2017/07/17,5918988.323
2017/07/18,6598872.117
2017/07/19,5958981.488
2017/07/20,6478892.624
2017/07/21,6158947.309
2017/07/22,6398906.295
2017/07/23,6878824.267
2017/07/24,7118783.254
2017/07/25,5918988.323
2017/07/26,5878995.159
2017/07/27,6585327.485
2017/07/28,6414280.018
2017/07/29,6713613.086
2017/07/30,6285994.418
2017/07/31,6200470.684
2017/08/01,6371518.151
2017/08/02,6499803.752
2017/08/03,5901137.617
2017/08/04,7654374.155
2017/08/05,7568850.421
2017/08/06,5986661.35
2017/08/07,6542565.619
2017/08/08,7012946.153
2017/08/09,6333394.737
2017/08/10,6149818.078
2017/08/11,6608759.726
2017/08/12,6195712.243
2017/08/13,6792336.385
2017/08/14,5966241.419
2017/08/15,6975913.044
2017/08/16,5966241.419
2017/08/17,8215055.493
2017/08/18,6838230.55
2017/08/19,6930018.879
2017/08/20,5966241.419
2017/08/21,5277828.948
2017/08/22,4084580.664
2017/08/23,7297172.197
2017/08/24,4459277.508
2017/08/25,4459277.508
2017/08/26,4635882.557
2017/08/27,6843445.68
2017/08/28,5695512.856
2017/08/29,6578538.105
2017/08/30,7417412.092
2017/08/31,7196655.78
2017/09/01,7682319.667
2017/09/02,7240807.042
2017/09/03,6799294.418
2017/09/04,7726470.929
2017/09/05,8697798.703
2017/09/06,7430760.766
2017/09/07,8072925.277
2017/09/08,8027056.383
2017/09/09,7751843.021
2017/09/10,6329907.319
2017/09/11,7981187.489
2017/09/12,8623352
2017/09/13,8715089.787
2017/09/14,7981187.489
2017/09/15,8256400.851
2017/09/16,7751843.021
2017/09/17,8072925.277
2017/09/18,6965995.452
2017/09/19,8556655.83
2017/09/20,6417491.873
2017/09/21,9653662.988
2017/09/22,7624199.746
2017/09/23,9105159.409
2017/09/24,7953301.894
2017/09/25,6856294.736
2017/09/26,7569349.388
2017/09/27,8063002.609
2017/09/28,9708513.346
2017/09/29,9269710.483
2017/09/30,7569349.388
2017/10/01,7130546.525
2017/10/02,8380132.04
2017/10/03,10223761.09
2017/10/04,7486251.289
2017/10/05,6983443.366
2017/10/06,8882939.962
2017/10/07,8827072.415
2017/10/08,10167893.54
2017/10/09,8994675.056
2017/10/10,8938807.509
2017/10/11,7765589.023
2017/10/12,8547734.68
2017/10/13,7597986.383
2017/10/14,7877324.117
2017/10/15,11601113.07
2017/10/16,10351762.43
2017/10/17,9756833.552
2017/10/18,8983426.015
2017/10/19,10589733.98
2017/10/20,10649226.87
2017/10/21,9102411.79
2017/10/22,10827705.53
2017/10/23,10173283.77
2017/10/24,9935312.215
2017/10/25,11006184.19
2017/10/26,12999790.29
2017/10/27,7510989.944
2017/10/28,6138789.858
2017/10/29,11122042.8
2017/10/30,10616495.4
2017/10/31,9966505.887
2017/11/01,7872095.229
2017/11/02,10833158.57
2017/11/03,8594305.801
2017/11/04,9388737.429
2017/11/05,10183169.06
2017/11/06,9605400.601
2017/11/07,11266484.92
2017/11/08,10399832.23
2017/11/09,11049821.74
2017/11/10,8139094.745
2017/11/11,5426063.163
2017/11/12,5426063.163
2017/11/13,9495610.536
2017/11/14,8681701.061
2017/11/15,10309520.01
2017/11/16,10309520.01
2017/11/17,11326906.85
2017/11/18,9224307.378
2017/11/19,10852126.33
2017/11/20,11869513.17
2017/11/21,11733861.59
2017/11/22,8342572.114
2017/11/23,10648648.96
2017/11/24,9977010.841
2017/11/25,10445729.47
2017/11/26,10244850.06
2017/11/27,11383166.73
2017/11/28,10445729.47
2017/11/29,11584046.14
2017/11/30,11182287.32
2017/12/01,12253644.19
2017/12/02,10780528.49
2017/12/03,11784925.56
2017/12/04,12119724.58
2017/12/05,11918845.17
2017/12/06,14867776.06
2017/12/07,11941671.2
2017/12/08,12337090.77
2017/12/09,13760601.25
2017/12/10,12969762.09
2017/12/11,13523349.5
2017/12/12,12337090.77
2017/12/13,14709608.23
2017/12/14,14630524.31
2017/12/15,13365181.67
2017/12/16,13523349.5
2017/12/17,14630524.31
2017/12/18,16946489.24
2017/12/19,13035760.95
2017/12/20,12663310.64
2017/12/21,12290860.32
2017/12/22,14432449.62
2017/12/23,12942648.37
2017/12/24,14153111.89
2017/12/25,12570198.06
2017/12/26,13221986.11
2017/12/27,14525562.2
2017/12/28,13873774.15
2017/12/29,15363575.41
2017/12/30,13687549
2017/12/31,15177350.25
2018/01/01,14975580.96
2018/01/02,16415540.67
2018/01/03,15071578.27
2018/01/04,16127548.73
2018/01/05,13727615.88
2018/01/06,16127548.73
2018/01/07,15551564.84
2018/01/08,15935554.1
2018/01/09,15743559.47
2018/01/10,15935554.1
2018/01/11,18527481.57
2018/01/12,17087521.86
2018/01/13,16501289.11
2018/01/14,17165770.55
2018/01/15,16612036.02
2018/01/16,17608758.18
2018/01/17,18494733.44
2018/01/18,19159214.88
2018/01/19,18273239.62
2018/01/20,19712949.41
2018/01/21,20709671.57
2018/01/22,18494733.44
2018/01/23,19602202.5
2018/01/24,19491455.6
2018/01/25,20445148.56
2018/01/26,20056949.54
2018/01/27,20315748.89
2018/01/28,20445148.56
2018/01/29,19151151.82
2018/01/30,21609745.63
2018/01/31,15139761.91
2018/02/01,20703947.91
2018/02/02,21739145.31
2018/02/03,20445148.56
2018/02/04,23033142.05
2018/02/05,23938939.78
2018/02/06,24293141.32
2018/02/07,20149017.21
2018/02/08,18720008.9
2018/02/09,19291612.22
2018/02/10,20434818.87
2018/02/11,21578025.52
2018/02/12,23721537.99
2018/02/13,23435736.33
2018/02/14,25579248.8
2018/02/15,18720008.9
2018/02/16,22435430.51
2018/02/17,21292223.86
2018/02/18,23149934.67
2018/02/19,23149934.67
2018/02/20,21079198.67
2018/02/21,25265138.83
2018/02/22,22275181.57
2018/02/23,22125683.71
2018/02/24,21677190.12
2018/02/25,25564134.55
2018/02/26,21079198.67
2018/02/27,23919658.06
2018/02/28,23172168.75
2018/03/01,24667147.38
2018/03/02,23321666.61
2018/03/03,26909615.32
2018/03/04,22125683.71
2018/03/05,24372959.73
2018/03/06,25517998.11
2018/03/07,25681575.02
2018/03/08,26499459.57
2018/03/09,23882229
2018/03/10,22900767.53
2018/03/11,25027267.37
2018/03/12,26335882.66
2018/03/13,25845151.93
2018/03/14,23555075.18
2018/03/15,23555075.18
2018/03/16,25517998.11
2018/03/17,24372959.73
2018/03/18,25990711.3
2018/03/19,26679206.96
2018/03/20,21859737.32
2018/03/21,26162835.21
2018/03/22,24613719.97
2018/03/23,22892480.81
2018/03/24,26851330.88
2018/03/25,23236728.64
2018/03/26,25818587.38
2018/03/27,26162835.21
2018/03/28,23236728.64
2018/03/29,26162835.21
2018/03/30,27884074.37
2018/03/31,22031861.23
2018/04/01,28274794.22
2018/04/02,27227579.62
2018/04/03,28449329.98
2018/04/04,25656757.72
2018/04/05,27227579.62
2018/04/06,24085935.81
2018/04/07,31416438.02
2018/04/08,28100258.45
2018/04/09,25656757.72
2018/04/10,28623865.75
2018/04/11,28100258.45
2018/04/12,26878508.08
2018/04/13,28798401.52
2018/04/14,26146926.52
2018/04/15,31109116.95
2018/04/16,26910340.43
2018/04/17,30918263.48
2018/04/18,30536556.52
2018/04/19,33971919.13
2018/04/20,26146926.52
2018/04/21,30345703.04
2018/04/22,30536556.52
2018/04/23,29200582.17
2018/04/24,30345703.04
2018/04/25,23474977.82
2018/04/26,26910340.43
2018/04/27,28391145.89
2018/04/28,25592018.83
2018/04/29,31590148.24
2018/04/30,30990335.3
2018/05/01,31590148.24
2018/05/02,27991270.6
2018/05/03,30190584.71
2018/05/04,27591395.3
2018/05/05,32189961.18
2018/05/06,27391457.65
2018/05/07,29990647.07
2018/05/08,27791332.95
2018/05/09,31990023.54
2018/05/10,30790397.65
2018/05/11,26161151.17
2018/05/12,33988897.19
2018/05/13,30487010.81
2018/05/14,27191117.75
2018/05/15,30075024.18
2018/05/16,36872803.62
2018/05/17,27191117.75
2018/05/18,30487010.81
2018/05/19,31722970.71
2018/05/20,29663037.55
2018/05/21,32340950.66
2018/05/22,31104990.76
2018/05/23,33370917.24
2018/05/24,30616246.32
2018/05/25,37681533.93
2018/05/26,34684139.19
2018/05/27,35112338.44
2018/05/28,33399541.44
2018/05/29,29759847.82
2018/05/30,37253334.68
2018/05/31,36396936.18
2018/06/01,35540537.68
2018/06/02,32543142.94
2018/06/03,34898238.81
2018/06/04,39180231.3
2018/06/05,42980660.1
2018/06/06,36103754.49
2018/06/07,35121339.4
2018/06/08,35612546.94
2018/06/09,35121339.4
2018/06/10,31191679.05
2018/06/11,34384528.08
2018/06/12,35612546.94
2018/06/13,35121339.4
2018/06/14,37577377.12
2018/06/15,37577377.12
2018/06/16,40770226.16
2018/06/17,38559792.21
2018/06/18,40279018.61
2018/06/19,39122596.14
2018/06/20,39122596.14
2018/06/21,42908653.83
2018/06/22,38112980.76
2018/06/23,40384615.37
2018/06/24,43161057.68
2018/06/25,39627403.83
2018/06/26,36850961.53
2018/06/27,30540865.37
2018/06/28,39627403.83
2018/06/29,38112980.76
2018/06/30,35588942.3
2018/07/01,37103365.37
2018/07/02,37594816.26
2018/07/03,30929068.69
2018/07/04,35728406.94
2018/07/05,36528296.65
2018/07/06,42660784.4
2018/07/07,41594264.79
2018/07/08,42127524.6
2018/07/09,36261666.74
2018/07/10,39727855.48
2018/07/11,35995036.84
2018/07/12,37594816.26
2018/07/13,38128076.06
2018/07/14,35461777.04
2018/07/15,35461777.04
2018/07/16,31995588.3
2018/07/17,40931868.49
2018/07/18,44793365.52
2018/07/19,44021066.11
2018/07/20,39644702.82
2018/07/21,35268339.52
2018/07/22,46852830.6
2018/07/23,42733900.44
2018/07/24,40931868.49
2018/07/25,45565664.92
2018/07/26,42476467.3
2018/07/27,42991333.57
2018/07/28,37327804.6
2018/07/29,50277183.1
2018/07/30,39630250.21
2018/07/31,43474975.98
2018/08/01,44362220.38
2018/08/02,45249464.79
2018/08/03,49094190.56
2018/08/04,52051671.92
2018/08/05,47319701.74
2018/08/06,38743005.8
2018/08/07,44657968.52
2018/08/08,46432457.33
2018/08/09,44066472.25
2018/08/10,52051671.92
2018/08/11,52376369.9
2018/08/12,49230273.08
2018/08/13,47642199.75
2018/08/14,43195594.44
2018/08/15,51135961.07
2018/08/16,50183117.07
2018/08/17,48277429.08
2018/08/18,50818346.4
2018/08/19,46054126.43
2018/08/20,47642199.75
2018/08/21,47006970.42
2018/08/22,50818346.4
2018/08/23,47324585.09
2018/08/24,48824180.03
2018/08/25,45145645.91
2018/08/26,57853309.21
2018/08/27,61866255.51
2018/08/28,51165065.37
2018/08/29,46483294.68
2018/08/30,51499477.56
2018/08/31,51833889.75
2018/09/01,50496240.99
2018/09/02,48155355.64
2018/09/03,48155355.64
2018/09/04,42135936.19
2018/09/05,44142409.34
2018/09/06,50161828.79
2018/09/07,52673943.17
2018/09/08,52338942.95
2018/09/09,56874984.68
2018/09/10,47105048.66
2018/09/11,49198606.38
2018/09/12,58619616.11
2018/09/13,51641090.38
2018/09/14,46058269.8
2018/09/15,48849680.09
2018/09/16,48500753.8
2018/09/17,47105048.66
2018/09/18,49547532.66
2018/09/19,54432500.67
2018/09/20,54756137.2
2018/09/21,51200543.88
2018/09/22,55111696.54
2018/09/23,53333899.87
2018/09/24,52622781.21
2018/09/25,60089527.19
2018/09/26,49422747.22
2018/09/27,50844984.55
2018/09/28,54756137.2
2018/09/29,54045018.54
2018/09/30,57956171.2
2018/10/01,56178374.53
2018/10/02,48711628.55
2018/10/03,51556103.21
2018/10/04,54911962.63
2018/10/05,48176505.21
2018/10/06,46323562.7
2018/10/07,52623567.23
2018/10/08,50029447.71
2018/10/09,48176505.21
2018/10/10,53364744.23
2018/10/11,58923571.75
2018/10/12,48917682.21
2018/10/13,52252978.72
2018/10/14,42247089.18
2018/10/15,60035337.26
2018/10/16,50029447.71
2018/10/17,51141213.22
2018/10/18,49274490.48
2018/10/19,50702736.58
2018/10/20,51059798.11
2018/10/21,49274490.48
2018/10/22,55344536.41
2018/10/23,54987474.89
2018/10/24,40347952.35
2018/10/25,48917428.96
2018/10/26,51059798.11
2018/10/27,48560367.43
2018/10/28,49988613.53
2018/10/29,52130982.68
2018/10/30,54987474.89
2018/10/31,58201028.61
2018/11/01,54999360.85
2018/11/02,51070835.08
2018/11/03,57499331.8
2018/11/04,43928060.94
2018/11/05,51427973.78
2018/11/06,45713754.47
2018/11/07,46428031.89
2018/11/08,43213783.53
2018/11/09,45356615.77
2018/11/10,46785170.59
2018/11/11,52142251.2
2018/11/12,49999418.96
2018/11/13,42856644.82
2018/11/14,48213725.42
2018/11/15,45356615.77
2018/11/16,41672924.13
2018/11/17,47956936.5
2018/11/18,40680711.65
2018/11/19,41672924.13
2018/11/20,43657349.09
2018/11/21,34727436.77
2018/11/22,40349974.16
2018/11/23,41342186.64
2018/11/24,47295461.51
2018/11/25,42003661.62
2018/11/26,36711861.73
2018/11/27,43326611.59
2018/11/28,39027024.18
2018/11/29,34727436.77
2018/11/30,33404486.8
2018/12/01,41011449.14
2018/12/02,37704074.21
2018/12/03,35101305.98
2018/12/04,38734427.59
2018/12/05,36488953.53
2018/12/06,37892374.82
2018/12/07,31998005.4
2018/12/08,35646900.75
2018/12/09,35927585.01
2018/12/10,34804847.98
2018/12/11,35085532.24
2018/12/12,33682110.95
2018/12/13,36769637.78
2018/12/14,40979901.65
2018/12/15,41821954.43
2018/12/16,32278689.66
2018/12/17,44909481.26
2018/12/18,35766529.43
2018/12/19,37822407.4
2018/12/20,34268624.16
2018/12/21,35537832.46
2018/12/22,44422290.57
2018/12/23,44676132.24
2018/12/24,38583932.39
2018/12/25,40360824.01
2018/12/26,39853140.69
2018/12/27,44168448.91
2018/12/28,42391557.29
2018/12/29,35030149.14
2018/12/30,44676132.24
2018/12/31,43291796.76
2019/01/01,41615985.27
2019/01/02,42174589.1
2019/01/03,43291796.76
2019/01/04,41615985.27
2019/01/05,45526212.08
2019/01/06,39381569.96
2019/01/07,39381569.96
2019/01/08,47202023.57
2019/01/09,45805513.99
2019/01/10,43571098.68
2019/01/11,41336683.36
2019/01/12,38543664.21
2019/01/13,38264362.3
2019/01/14,43423390.22
2019/01/15,38609293.98
2019/01/16,38901788.64
2019/01/17,37146820.73
2019/01/18,40364261.89
2019/01/19,38901788.64
2019/01/20,45921660.27
2019/01/21,43874197.71
2019/01/22,38024304.68
2019/01/23,42704219.1
2019/01/24,47384133.53
2019/01/25,40364261.89
2019/01/26,43874197.71
2019/01/27,40071767.24
2019/01/28,42070546.82
2019/01/29,42201068.25
2019/01/30,39310584.12
2019/01/31,44802503.96
2019/02/01,45669649.2
2019/02/02,41622971.42
2019/02/03,39888680.94
2019/02/04,42490116.66
2019/02/05,42490116.66
2019/02/06,47403939.67
2019/02/07,50294423.8
2019/02/08,47114891.26
2019/02/09,43357261.9
2019/02/10,41018987.3
2019/02/11,43691361.64
2019/02/12,38568926.14
2019/02/13,46101919.52
2019/02/14,42486082.7
2019/02/15,38267606.4
2019/02/16,45197960.32
2019/02/17,47909837.94
2019/02/18,46704559
2019/02/19,47005878.73
2019/02/20,39171565.61
2019/02/21,35857048.52
2019/02/22,48813797.14
2019/02/23,43088722.17
2019/02/24,41298258.3
2019/02/25,43162133.91
2019/02/26,48595129.79
2019/02/27,42558467.71
2019/02/28,45274965.64
2019/03/01,48896962.9
2019/03/02,39841969.77
2019/03/03,44067633.23
2019/03/04,41351135.29
2019/03/05,44973132.54
2019/03/06,38634637.35
2019/03/07,42860300.81
2019/03/08,44067633.23
2019/03/09,41652968.39
2019/03/10,41045042.97
2019/03/11,42839445.35
2019/03/12,43141131.59
2019/03/13,40727641.71
2019/03/14,46761366.41
2019/03/15,46157993.94
2019/03/16,49174856.29
2019/03/17,44046190.29
2019/03/18,48571483.82
2019/03/19,52493404.87
2019/03/20,48571483.82
2019/03/21,43141131.59
2019/03/22,48571483.82
2019/03/23,43744504.06
2019/03/24,47490106.99
2019/03/25,46933020.83
2019/03/26,42493410.75
2019/03/27,47250135.84
2019/03/28,46298790.82
2019/03/29,46615905.83
2019/03/30,44078985.78
2019/03/31,44078985.78
2019/04/01,43127640.77
2019/04/02,49787055.88
2019/04/03,45030330.8
2019/04/04,44396100.79
2019/04/05,50104170.89
2019/04/06,44081037.56
2019/04/07,44809649.52
2019/04/08,47034242.04
2019/04/09,41949459.12
2019/04/10,47034242.04
2019/04/11,49894432.44
2019/04/12,47987638.84
2019/04/13,42902855.92
2019/04/14,38771469.79
2019/04/15,46080845.25
2019/04/16,46080845.25
2019/04/17,43856252.72
2019/04/18,47352040.98
2019/04/19,48305437.78
2019/04/20,41631660.19
2019/04/21,51199133.02
2019/04/22,42318655.54
2019/04/23,36634060.02
2019/04/24,51477170.55
2019/04/25,45160953.3
2019/04/26,47687440.2
2019/04/27,43266088.13
2019/04/28,51477170.55
2019/04/29,51477170.55
2019/04/30,44213520.72
2019/05/01,54003657.45
2019/05/02,58109198.65
2019/05/03,48003251.06
2019/05/04,43006075.36
2019/05/05,42978500.7
2019/05/06,50308167.48
2019/05/07,42312167.35
2019/05/08,50641334.15
2019/05/09,49975000.81
2019/05/10,41645834.01
2019/05/11,43311667.37
2019/05/12,52640334.18
2019/05/13,55638834.23
2019/05/14,50641334.15
2019/05/15,49641834.14
2019/05/16,48642334.12
2019/05/17,50308167.48
2019/05/18,50986743.45
2019/05/19,54326123.03
2019/05/20,53659544.83
2019/05/21,50993232.04
2019/05/22,55659279.42
2019/05/23,52659677.53
2019/05/24,50993232.04
2019/05/25,46660473.76
2019/05/26,54992701.22
2019/05/27,55659279.42
2019/05/28,54659412.12
2019/05/29,57992303.11
2019/05/30,53664058.51
2019/05/31,43386260.58
2019/06/01,55994233.74
2019/06/02,48577778.94
2019/06/03,44127906.06
2019/06/04,57106701.96
2019/06/05,59331638.4
2019/06/06,58219170.18
2019/06/07,58589992.92
2019/06/08,45982019.76
2019/06/09,54510942.78
2019/06/10,58219170.18
2019/06/11,53027651.82
2019/06/12,48577778.94
2019/06/13,55994233.74
2019/06/14,62264123.16
2019/06/15,53775192.23
2019/06/16,47882020.48
2019/06/17,48986990.18
2019/06/18,60036687.22
2019/06/19,65193212.5
2019/06/20,53038545.76
2019/06/21,48986990.18
2019/06/22,51933576.06
2019/06/23,66666505.44
2019/06/24,65193212.5
2019/06/25,53775192.23
2019/06/26,60773333.69
2019/06/27,55539973.18
2019/06/28,64293187.57
2019/06/29,68631991.64
2019/06/30,59954383.5
2019/07/01,56404452.9
2019/07/02,62321003.91
2019/07/03,67843118.18
2019/07/04,65870934.51
2019/07/05,74548542.65
2019/07/06,70209738.58
2019/07/07,60348820.24
2019/07/08,70209738.58
2019/07/09,65740170.46
2019/07/10,58125055.93
2019/07/11,58125055.93
2019/07/12,73895419.95
2019/07/13,63532037.88
2019/07/14,65334365.2
2019/07/15,65784947.03
2019/07/16,72994256.29
2019/07/17,59927383.25
2019/07/18,54520401.3
2019/07/19,53168655.82
2019/07/20,79752983.72
2019/07/21,67136692.51
2019/07/22,71191928.97
2019/07/23,64212845.18
2019/07/24,62282811.35
2019/07/25,67211666.92
2019/07/26,74380911.39
2019/07/27,68107822.48
2019/07/28,78413611.41
2019/07/29,75277066.95
2019/07/30,63627044.68
2019/07/31,76621300.29
2019/08/01,63627044.68
2019/08/02,75725144.73
2019/08/03,77517455.85
2019/08/04,74828989.17
2019/08/05,70305379.01
2019/08/06,79916269.03
2019/08/07,75945274.3
2019/08/08,70485156.54
2019/08/09,72967028.25
2019/08/10,74952525.62
2019/08/11,75945274.3
2019/08/12,66017787.46
2019/08/13,77930771.67
2019/08/14,75448899.96
2019/08/15,77930771.67
2019/08/16,72967028.25
2019/08/17,63535915.75
2019/08/18,62740159.35
2019/08/19,82514504.79
2019/08/20,77452265.23
2019/08/21,68846457.98
2019/08/22,71377577.76
2019/08/23,77452265.23
2019/08/24,80995832.92
2019/08/25,78464713.14
2019/08/26,69352681.94
2019/08/27,68340234.03
2019/08/28,76439817.32
2019/08/29,83526952.7
2019/08/30,80995832.92
2019/08/31,84033176.66
2019/09/01,75959123.82
2019/09/02,79786349.93
2019/09/03,87818532.81
2019/09/04,72825124.77
2019/09/05,88354011.67
2019/09/06,84605659.66
2019/09/07,80321828.79
2019/09/08,94779757.97
2019/09/09,78179913.36
2019/09/10,97457152.27
2019/09/11,98528109.98
2019/09/12,84605659.66
2019/09/13,81711974.36
2019/09/14,91618125.63
2019/09/15,86889448.17
2019/09/16,96346803.08
2019/09/17,87480532.86
2019/09/18,102848734.6
2019/09/19,87480532.86
2019/09/20,89253786.9
2019/09/21,98120057.12
2019/09/22,98120057.12
2019/09/23,67383653.69
2019/09/24,92800294.99
2019/09/25,92209210.31
2019/09/26,102155715.1
2019/09/27,83726816.32
2019/09/28,100852756
2019/09/29,86263992.57
2019/09/30,82458228.19
2019/10/01,90704051.01
2019/10/02,93875521.33
2019/10/03,93241227.26
2019/10/04,93241227.26
2019/10/05,100218462
2019/10/06,94509815.39
2019/10/07,98315579.77
2019/10/08,102755638.2
2019/10/09,87532580.7
2019/10/10,103681264.3
2019/10/11,100875176.1
2019/10/12,86002553.97
2019/10/13,91822275.67
2019/10/14,87295825.46
2019/10/15,98935268.85
2019/10/16,92468911.41
2019/10/17,96995361.62
2019/10/18,103461719.1
2019/10/19,91822275.67
2019/10/20,94408818.64
2019/10/21,102815083.3
2019/10/22,109281440.8
2019/10/23,109144376.3
2019/10/24,90520752.86
2019/10/25,93923788.68
2019/10/26,95285003.01
2019/10/27,78269823.9
2019/10/28,91201360.02
2019/10/29,90520752.86
2019/10/30,91201360.02
2019/10/31,89840145.69
2019/11/01,88478931.37
2019/11/02,91201360.02
2019/11/03,93923788.68
2019/11/04,89840145.69
2019/11/05,98007431.67
2019/11/06,89840145.69
2019/11/07,91737090.37
2019/11/08,80936306.12
2019/11/09,91053344.38
2019/11/10,104964272
2019/11/11,95479548.62
2019/11/12,85362510.36
2019/11/13,85362510.36
2019/11/14,106861216.7
2019/11/15,99905752.86
2019/11/16,93582603.95
2019/11/17,97376493.3
2019/11/18,88524084.81
2019/11/19,92950289.06
2019/11/20,89788714.6
2019/11/21,87143254.96
2019/11/22,85127203.65
2019/11/23,111568229
2019/11/24,84482300.6
2019/11/25,80612882.25
2019/11/26,78678173.07
2019/11/27,89641525.06
2019/11/28,105119198.5
2019/11/29,87706815.89
2019/11/30,81257785.31
2019/12/01,89641525.06
2019/12/02,93510943.41
2019/12/03,101894683.2
2019/12/04,107698810.7
2019/12/05,93386357.5
2019/12/06,92816137.38
2019/12/07,99217250.3
2019/12/08,94736471.25
2019/12/09,94736471.25
2019/12/10,94736471.25
2019/12/11,84494690.58
2019/12/12,85134801.87
2019/12/13,97296916.42
2019/12/14,96656805.13
2019/12/15,79373800.24
2019/12/16,100497472.9
2019/12/17,90255692.21
2019/12/18,85774913.16
2019/12/19,100622310.1
2019/12/20,100413779
2019/12/21,113287340.4
2019/12/22,108781593.9
2019/12/23,92045964.05
2019/12/24,80459758.79
2019/12/25,82390793
2019/12/26,107494237.7
2019/12/27,93333320.19
2019/12/28,95908032.47
2019/12/29,99770100.89
2019/12/30,106850559.7
2019/12/31,93333320.19
2020/01/01,112718458.5
2020/01/02,96717718.31
2020/01/03,115924073.7
2020/01/04,115238132.5
2020/01/05,111808426.1
2020/01/06,92602070.72
2020/01/07,120725662.6
2020/01/08,97403659.58
2020/01/09,107692778.5
2020/01/10,102205248.4
2020/01/11,111808426.1
2020/01/12,103577131
2020/01/13,98089600.84
2020/01/14,99607271.22
2020/01/15,110915119.4
2020/01/16,116791417.1
2020/01/17,116791417.1
2020/01/18,96958912.29
2020/01/19,110180582.2
2020/01/20,111649656.6
2020/01/21,112384193.8
2020/01/22,114587805.4
2020/01/23,116791417.1
2020/01/24,111649656.6
2020/01/25,120464103.2
2020/01/26,105038821.7
2020/01/27,94755300.65
2020/01/28,107321517
2020/01/29,123011831.7
2020/01/30,119936535.9
2020/01/31,110710648.5
2020/02/01,116092416.2
2020/02/02,109941824.6
2020/02/03,113785944.3
2020/02/04,122243007.8
2020/02/05,122243007.8
2020/02/06,103791233
2020/02/07,106866528.8
2020/02/08,106866528.8
2020/02/09,117630064.1
2020/02/10,93796521.68
2020/02/11,114190850.9
2020/02/12,109742275.2
2020/02/13,108969442.3
2020/02/14,104332444.7
2020/02/15,109742275.2
2020/02/16,109742275.2
2020/02/17,121334769
2020/02/18,115924938.6
2020/02/19,108969442.3
2020/02/20,97376948.41
2020/02/21,119016270.3
2020/02/22,114379272.7
2020/02/23,109742275.2
2020/02/24,108969442.3
2020/02/25,111020255.7
2020/02/26,104700775.4
2020/02/27,113169220.5
2020/02/28,121637665.6
2020/02/29,107010351.4
2020/03/01,114708937.8
2020/03/02,117788372.4
2020/03/03,117788372.4
2020/03/04,128566393.4
2020/03/05,125486958.8
2020/03/06,119328089.6
2020/03/07,120867806.9
2020/03/08,121637665.6
2020/03/09,119877105.1
2020/03/10,108616241.4
2020/03/11,97919187.32
2020/03/12,124250397.3
2020/03/13,102856289.2
2020/03/14,105324840.1
2020/03/15,97919187.32
2020/03/16,97919187.32
2020/03/17,101210588.6
2020/03/18,82285031.36
2020/03/19,88044983.55
2020/03/20,89690684.18
2020/03/21,102033438.9
2020/03/22,104501989.8
2020/03/23,92159235.12
2020/03/24,108616241.4
2020/03/25,75702228.85
2020/03/26,112492821.4
2020/03/27,107197274.9
2020/03/28,93365368.43
2020/03/29,104430893.6
2020/03/30,101664512.3
2020/03/31,109963656.2
2020/04/01,105814084.2
2020/04/02,105814084.2
2020/04/03,91290582.46
2020/04/04,108580465.5
2020/04/05,121029181.3
2020/04/06,88524201.18
2020/04/07,116188014
2020/04/08,103061194.8
2020/04/09,112650577.8
2020/04/10,119234053.2
2020/04/11,116308064.1
2020/04/12,111919080.6
2020/04/13,125086031.2
2020/04/14,122891539.4
2020/04/15,123623036.7
2020/04/16,112650577.8
2020/04/17,92900151.84
2020/04/18,115576566.9
2020/04/19,111187583.3
2020/04/20,117771058.6
2020/04/21,115730561.6
2020/04/22,103923467.2
2020/04/23,112649865.2
2020/04/24,114236483.1
2020/04/25,107890011.8
2020/04/26,108683320.7
2020/04/27,111856556.3
2020/04/28,122169572.2
2020/04/29,115029792
2020/04/30,107096702.9
2020/05/01,111856556.3
2020/05/02,117409718.7
2020/05/03,133275896.9
2020/05/04,125342807.8
2020/05/05,126294576.8
2020/05/06,123288445.7
2020/05/07,117684425.4
2020/05/08,109678682.2
2020/05/09,108878107.9
2020/05/10,136097634.8
2020/05/11,125690168.6
2020/05/12,116883851.1
2020/05/13,95268344.37
2020/05/14,91265472.76
2020/05/15,100071790.3
2020/05/16,100872364.6
2020/05/17,81658580.89
2020/05/18,102473513.3
2020/05/19,92066047.08
2020/05/20,86971887.32
2020/05/21,98579623.7
2020/05/22,83529299.47
2020/05/23,89549429.17
2020/05/24,87291880.53
2020/05/25,94064526.43
2020/05/26,93312010.22
2020/05/27,103847237.2
2020/05/28,98579623.7
2020/05/29,95569558.86
2020/05/30,117392529
2020/05/31,112877431.7
2020/06/01,100837172.3
2020/06/02,97074591.28
2020/06/03,104599753.4
2020/06/04,108668660.7
2020/06/05,122192367.7
2020/06/06,133797229.5
2020/06/07,108539589.2
2020/06/08,110587506
2020/06/09,109222228.1
2020/06/10,111952783.8
2020/06/11,126288201.3
2020/06/12,111270144.9
2020/06/13,107856950.3
2020/06/14,116048617.4
2020/06/15,94204171.77
2020/06/16,106374812.7
2020/06/17,108283617.6
2020/06/18,97298323.04
2020/06/19,111422273.2
2020/06/20,107498953.7
2020/06/21,114560928.7
2020/06/22,112206937.1
2020/06/23,123976895.5
2020/06/24,109068281.5
2020/06/25,110637609.3
2020/06/26,128684878.9
2020/06/27,108283617.6
2020/06/28,117699584.3
2020/06/29,113776264.8
2020/06/30,115344676.1
2020/07/01,127111309
2020/07/02,128680584.5
2020/07/03,127895946.7
2020/07/04,123188120.5
2020/07/05,127895946.7
2020/07/06,120834207.4
2020/07/07,126326671.3
2020/07/08,118480294.2
2020/07/09,128680584.5
2020/07/10,126326671.3
2020/07/11,122403482.8
2020/07/12,119264931.9
2020/07/13,121086665.7
2020/07/14,124167138.5
2020/07/15,118993507.8
2020/07/16,117268964.2
2020/07/17,101748071.9
2020/07/18,112095333.4
2020/07/19,112957605.2
2020/07/20,121580323.2
2020/07/21,107783974.4
2020/07/22,124167138.5
2020/07/23,117268964.2
2020/07/24,138825759.1
2020/07/25,122442595
2020/07/26,136238943.7
2020/07/27,128205972.9
2020/07/28,121437040.4
2020/07/29,123949530.9
2020/07/30,113062072.1
2020/07/31,128137015
2020/08/01,114737065.8
2020/08/02,118087053.1
2020/08/03,135674486.5
2020/08/04,121437040.4
2020/08/05,108037091.1
2020/08/06,130649505.5
2020/08/07,127299518.2
2020/08/08,118924549.9
2020/08/09,130649505.5
2020/08/10,114901504.5
2020/08/11,129741892.8
2020/08/12,132269332.3
2020/08/13,123844534.1
2020/08/14,140694130.5
2020/08/15,131426852.5
2020/08/16,128056933.2
2020/08/17,105309978
2020/08/18,117947175.3
2020/08/19,116262215.7
2020/08/20,123002054.3
2020/08/21,130584372.7
2020/08/22,114577256
2020/08/23,132269332.3
2020/08/24,128441437.2
2020/08/25,111720008.7
2020/08/26,123939384.6
2020/08/27,112592821.3
2020/08/28,142268448.6
2020/08/29,127430634.9
2020/08/30,110847196.1
2020/08/31,130921885.2
2020/09/01,134413135.5
2020/09/02,125685009.8
2020/09/03,112592821.3
2020/09/04,117829696.7
2020/09/05,123066572.1
2020/09/06,130921885.2
2020/09/07,151762133.8
2020/09/08,133652505.3
2020/09/09,128478860
2020/09/10,136239328
2020/09/11,118993843.5
2020/09/12,146586618.7
2020/09/13,139688424.9
2020/09/14,151760264.1
2020/09/15,134514779.6
2020/09/16,133652505.3
2020/09/17,153484812.6
2020/09/18,142275247.6
2020/09/19,128478860
2020/09/20,135165071.8
2020/09/21,139219832.8
2020/09/22,123857644.3
2020/09/23,136339422.4
2020/09/24,131538738.5
2020/09/25,162263115.4
2020/09/26,144020516.6
2020/09/27,145940790.2
2020/09/28,123857644.3
2020/09/29,135379285.6
2020/09/30,149781337.3
2020/10/01,119056960.4
2020/10/02,130578601.8
2020/10/03,144980653.4
2020/10/04,151592064.1
2020/10/05,134303836.4
2020/10/06,124710705.3
2020/10/07,144856280.7
2020/10/08,155408725
2020/10/09,136222462.7
2020/10/10,137181775.8
2020/10/11,134303836.4
2020/10/12,142937654.5
2020/10/13,159245977.5
2020/10/14,142937654.5
2020/10/15,144856280.7
2020/10/16,148693533.2
2020/10/17,152419671.5
2020/10/18,119288755.7
2020/10/19,124259120.5
2020/10/20,143146506.8
2020/10/21,129229485.3
2020/10/22,136187996.1
2020/10/23,130223558.3
2020/10/24,151099090.6
2020/10/25,116306536.8
2020/10/26,109348026.1
2020/10/27,98413223.45
2020/10/28,99407296.42
2020/10/29,107359880.1
2020/10/30,110342099
2020/10/31,112330244.9
2020/11/01,124259120.5
2020/11/02,94436931.6
2020/11/03,124332259
2020/11/04,132689483.1
2020/11/05,122675182.5
2020/11/06,127682332.8
2020/11/07,121840657.4
2020/11/08,115164457
2020/11/09,154387134.4
2020/11/10,122675182.5
2020/11/11,122675182.5
2020/11/12,133524008.1
2020/11/13,115998982.1
2020/11/14,118502557.2
2020/11/15,125178757.6
2020/11/16,135534841.9
2020/11/17,137334450.9
2020/11/18,147831351.6
2020/11/19,119839616.4
2020/11/20,146956609.8
2020/11/21,147831351.6
2020/11/22,152205060.2
2020/11/23,128587033.6
2020/11/24,118964874.6
2020/11/25,135584967.4
2020/11/26,131211258.8
2020/11/27,134710225.7
2020/11/28,134710225.7
2020/11/29,135399801.3
2020/11/30,107610727.9
2020/12/01,144750713.7
2020/12/02,124752259.8
2020/12/03,149512250.3
2020/12/04,137132255
2020/12/05,137132255
2020/12/06,129513796.4
2020/12/07,142846099
2020/12/08,137132255
2020/12/09,132370718.4
2020/12/10,123799952.5
2020/12/11,131418411.1
2020/12/12,125704567.1
2020/12/13,148463110.1
2020/12/14,134574371.4
2020/12/15,129933875.8
2020/12/16,132718173.2
2020/12/17,119724785.6
2020/12/18,145711560.8
2020/12/19,146639659.9
2020/12/20,140142966.1
2020/12/21,126221479.4
2020/12/22,132718173.2
2020/12/23,142927263.4
2020/12/24,116940488.2
2020/12/25,133646272.3
2020/12/26,127149578.5
2020/12/27,137358668.7
2020/12/28,147938034
2020/12/29,140537799.4
2020/12/30,159029615.1
2020/12/31,153482070.4
2021/01/01,137764027
2021/01/02,139613208.6
2021/01/03,146085344.1
2021/01/04,159954205.9
2021/01/05,145160753.3
2021/01/06,163652569
2021/01/07,155331252
2021/01/08,136839436.2
2021/01/09,133808024.5
2021/01/10,162879650.9
2021/01/11,157757649.3
2021/01/12,151611247.4
2021/01/13,155708848.7
2021/01/14,150586847.1
2021/01/15,158782049.6
2021/01/16,150586847.1
2021/01/17,136245242.6
2021/01/18,148538046.4
2021/01/19,152635647.7
2021/01/20,144440445.2
2021/01/21,132147641.3
2021/01/22,145464845.5
2021/01/23,159781151.2
2021/01/24,143884925.4
2021/01/25,144920068.7
2021/01/26,166658079
2021/01/27,146990355.4
2021/01/28,150095785.5
2021/01/29,157341788.9
2021/01/30,140779495.3
2021/01/31,149060642.1
2021/02/01,124217201.8
2021/02/02,157341788.9
2021/02/03,155271502.2
2021/02/04,165622935.7
2021/02/05,174939225.8
2021/02/06,169021265.5
2021/02/07,166219498
2021/02/08,172612555.6
2021/02/09,152367873.2
2021/02/10,152367873.2
2021/02/11,137450738.7
2021/02/12,151302363.6
2021/02/13,167285007.6
2021/02/14,158760930.8
2021/02/15,160891950
2021/02/16,128926661.9
2021/02/17,147040325.2
2021/02/18,145974815.6
2021/02/19,163181402.2
2021/02/20,157667240.1
2021/02/21,152267677.1
2021/02/22,143628376.2
2021/02/23,137148900.6
2021/02/24,171706103.9
2021/02/25,168466366.1
2021/02/26,150107851.9
2021/02/27,169546278.7
2021/02/28,141468551
2021/03/01,140388638.4
2021/03/02,154427502.3
2021/03/03,164146715.7
2021/03/04,138228813.2
2021/03/05,160906977.9
2021/03/06,162254331
2021/03/07,155665151.9
2021/03/08,165260948.9
2021/03/09,149267953.9
2021/03/10,158863750.9
2021/03/11,140738356.5
2021/03/12,159929950.6
2021/03/13,152466552.9
2021/03/14,167393348.3
2021/03/15,157797551.2
2021/03/16,158863750.9
2021/03/17,145003155.2
2021/03/18,162062349.9
2021/03/19,158357615.4
2021/03/20,167389189
2021/03/21,169563074.6
2021/03/22,164128360.7
2021/03/23,174997788.5
2021/03/24,165215303.5
2021/03/25,167389189
2021/03/26,147824218.9
2021/03/27,172823903
2021/03/28,172823903
2021/03/29,164128360.7
2021/03/30,158693646.8
2021/03/31,170650017.4
2021/04/01,157606704
2021/04/02,160517766.4
2021/04/03,150672055.7
2021/04/04,167924581.2
2021/04/05,179426264.8
2021/04/06,165624244.5
2021/04/07,180576433.2
2021/04/08,154122560.8
2021/04/09,174825591.4
2021/04/10,180576433.2
2021/04/11,166774412.8
2021/04/12,165624244.5
2021/04/13,163323907.7
2021/04/14,155272729.2
2021/04/15,198514005.7
2021/04/16,120743465.6
2021/04/17,106676265.7
2021/04/18,145361065.3
2021/04/19,113709865.6
2021/04/20,150050132
2021/04/21,118398932.3
2021/04/22,167634131.8
2021/04/23,158255998.6
2021/04/24,169978665.1
2021/04/25,165289598.5
2021/04/26,133638398.8
2021/04/27,166461865.1
2021/04/28,166461865.1
2021/04/29,143016532
2021/04/30,169978665.1
2021/05/01,158954590
2021/05/02,189527186.5
2021/05/03,181331416.3
2021/05/04,185429301.4
2021/05/05,160841990.7
2021/05/06,174160117.3
2021/05/07,176209059.9
2021/05/08,175184588.6
2021/05/09,190551657.8
2021/05/10,184404830.1
2021/05/11,176209059.9
2021/05/12,176209059.9
2021/05/13,185896531.3
2021/05/14,166839065.3
2021/05/15,153143321.1
2021/05/16,164348930
2021/05/17,150653185.8
2021/05/18,124506765.1
2021/05/19,155633456.4
2021/05/20,139447577
2021/05/21,136957441.7
2021/05/22,144427847.6
2021/05/23,148163050.5
2021/05/24,156878524.1
2021/05/25,153143321.1
2021/05/26,151898253.5
2021/05/27,145672915.2
2021/05/28,148163050.5
2021/05/29,144427847.6
2021/05/30,151858199.8
2021/05/31,147526659
2021/06/01,148572947.4
2021/06/02,173683868.1
2021/06/03,153804389.2
2021/06/04,137063775.4
2021/06/05,137063775.4
2021/06/06,156943254.3
2021/06/07,139156352.1
2021/06/08,155896965.9
2021/06/09,131832333.6
2021/06/10,123462026.7
2021/06/11,109860278
2021/06/12,138110063.8
2021/06/13,136724465.1
2021/06/14,133766696.2
2021/06/15,129803238.6
2021/06/16,121876323.2
2021/06/17,128812374.1
2021/06/18,122867187.6
2021/06/19,102059034.9
2021/06/20,104040763.7
2021/06/21,104040763.7
2021/06/22,90168661.9
2021/06/23,100077306.1
2021/06/24,104040763.7
2021/06/25,108995085.8
2021/06/26,88186933.06
2021/06/27,58461000.57
2021/06/28,86205204.23
2021/06/29,89177797.48
2021/06/30,88186933.06
2021/07/01,94132119.56
2021/07/02,89177797.48
2021/07/03,98706076.21
2021/07/04,82108836.08
2021/07/05,94246664.02
2021/07/06,101386562.8
2021/07/07,87820755.11
2021/07/08,99244593.17
2021/07/09,93532674.14
2021/07/10,114952370.5
2021/07/11,89248734.87
2021/07/12,89962724.75
2021/07/13,97102623.54
2021/07/14,121378279.4
2021/07/15,91390704.5
2021/07/16,107098481.8
2021/07/17,101997588.1
2021/07/18,97872242.09
2021/07/19,115543619.1
2021/07/20,82919538.44
2021/07/21,98551910.44
2021/07/22,103989257.2
2021/07/23,91755226.96
2021/07/24,104668925.6
2021/07/25,103989257.2
2021/07/26,101950252.2
2021/07/27,115543619.1
2021/07/28,106707930.6
2021/07/29,108746935.7
2021/07/30,112824945.7
2021/07/31,112465862.1
2021/08/01,110975800.8
2021/08/02,103048957.9
2021/08/03,121785132
2021/08/04,98004603.3
2021/08/05,115299533.3
2021/08/06,114578911.2
2021/08/07,120343887.9
2021/08/08,113858289.1
2021/08/09,109534556.6
2021/08/10,118902643.7
2021/08/11,105931446.2
2021/08/12,108813934.5
2021/08/13,108175319.6
2021/08/14,126820808.5
2021/08/15,140740165.6
2021/08/16,124500915.7
2021/08/17,133007189.5
2021/08/18,104395177.8
2021/08/19,119087832.4
2021/08/20,123727618.1
2021/08/21,131460594.2
2021/08/22,126820808.5
2021/08/23,152339629.8
2021/08/24,119087832.4
2021/08/25,130687447.3
2021/08/26,127844614.1
2021/08/27,127844614.1
2021/08/28,123466373.9
2021/08/29,136601094.5
2021/08/30,118212485.7
2021/08/31,126093318
2021/09/01,119963781.7
2021/09/02,130471558.2
2021/09/03,129595910.2
2021/09/04,135725446.5
2021/09/05,143606278.9
2021/09/06,150611463.2
2021/09/07,133974150.4
2021/09/08,129910433.7
2021/09/09,125412870.4
2021/09/10,124497447.9
2021/09/11,135482516.9
2021/09/12,134567094.5
2021/09/13,145552163.4
2021/09/14,153790965.1
2021/09/15,129989982.4
2021/09/16,124497447.9
2021/09/17,134567094.5
2021/09/18,141890473.8
2021/09/19,146467585.8
2021/09/20,150129275.5
2021/09/21,113928907.4
2021/09/22,126546633.8
2021/09/23,155822347.6
2021/09/24,139767923.9
2021/09/25,135990412.5
2021/09/26,131268523.2
2021/09/27,146378569
2021/09/28,143545435.4
2021/09/29,122769122.4
2021/09/30,161488614.8
2021/10/01,132212901
2021/10/02,177543038.5
2021/10/03,141656679.7
2021/10/04,147411968.4
2021/10/05,162177735.8
2021/10/06,129544410.9
2021/10/07,139433297.3
2021/10/08,118666636
2021/10/09,148333295
2021/10/10,157233292.7
2021/10/11,144377740.4
2021/10/12,132511076.8
2021/10/13,167122179
2021/10/14,135477742.7
2021/10/15,139433297.3
2021/10/16,131522188.2
2021/10/17,158222181.3
2021/10/18,146534419.3
2021/10/19,154737198.7
2021/10/20,148747371.7
2021/10/21,147749067.2
2021/10/22,157732112.3
2021/10/23,144754153.6
2021/10/24,152740589.7
2021/10/25,181691420.4
2021/10/26,149745676.2
2021/10/27,156733807.7
2021/10/28,152740589.7
2021/10/29,170710070.9
2021/10/30,154737198.7
2021/10/31,140175299.1
2021/11/01,159350397
2021/11/02,170117315.7
2021/11/03,173347391.3
2021/11/04,153966937.6
2021/11/05,166887240.1
2021/11/06,165810548.2
2021/11/07,164733856.4
2021/11/08,145353402.7
2021/11/09,163657164.5
2021/11/10,160427088.9
2021/11/11,170117315.7
2021/11/12,152890245.8
2021/11/13,164733856.4
2021/11/14,175094161.9
2021/11/15,170197841.4
2021/11/16,169070703.3
2021/11/17,167943565.3
2021/11/18,162307875.2
2021/11/19,154417909.1
2021/11/20,163435013.2
2021/11/21,148782218.9
2021/11/22,158926461.1
2021/11/23,148782218.9
2021/11/24,176960669.5
2021/11/25,146527942.9
2021/11/26,148782218.9
2021/11/27,161180737.2
2021/11/28,155225116.6
2021/11/29,158774565.2
2021/11/30,148781760.4
2021/12/01,152112695.3
2021/12/02,172098304.9
2021/12/03,186532356.3
2021/12/04,172098304.9
2021/12/05,184311733
2021/12/06,190973602.9
2021/12/07,170987993.3
2021/12/08,186532356.3
2021/12/09,180980798.1
2021/12/10,173208616.6
2021/12/11,176161777.1
2021/12/12,168385593.5
2021/12/13,169588347.8
2021/12/14,178007627.5
2021/12/15,169588347.8
2021/12/16,138316737.6
2021/12/17,179210381.7
2021/12/18,153952542.7
2021/12/19,179210381.7
2021/12/20,173196610.5
2021/12/21,193643432.6
2021/12/22,178007627.5
2021/12/23,182818644.4
2021/12/24,181615890.2
2021/12/25,177149566.8
2021/12/26,161682278.5
2021/12/27,178574456.9
2021/12/28,161682278.5
2021/12/29,174954704.4
2021/12/30,143583516
2021/12/31,179781041
2022/01/01,207532476.9
2022/01/02,190640298.6
2022/01/03,168921783.5
2022/01/04,177367872.7
2022/01/05,180987625.2
2022/01/06,176161288.5
2022/01/07,168921783.5
2022/01/08,174242949.2
2022/01/09,170826076.6
2022/01/10,172037609.1
2022/01/11,191422128.4
2022/01/12,168403011.7
2022/01/13,216864310.1
2022/01/14,192633660.9
2022/01/15,201114388.1
2022/01/16,212018180.2
2022/01/17,195056725.8
2022/01/18,164768414.4
2022/01/19,209595115.3
2022/01/20,204748985.5
2022/01/21,175442615.3
2022/01/22,177474949.7
2022/01/23,186746029.1
2022/01/24,198665988.4
2022/01/25,201314868.3
2022/01/26,172177190
2022/01/27,173501629.9
2022/01/28,203963748.1
2022/01/29,197341548.5
2022/01/30,193368228.7
2022/01/31,189394909
2022/02/01,203963748.1
2022/02/02,202639308.2
2022/02/03,194692668.7
2022/02/04,172445464.5
2022/02/05,157888391.8
2022/02/06,206979740.5
2022/02/07,180443876.4
2022/02/08,204326154.1
2022/02/09,185751049.2
2022/02/10,195038601.7
2022/02/11,188404635.6
2022/02/12,248110330
2022/02/13,209633327
2022/02/14,202999360.9
2022/02/15,232188811.5
2022/02/16,206979740.5
2022/02/17,213256529.5
2022/02/18,186294128.9
2022/02/19,207147949.3
2022/02/20,200196675.8
2022/02/21,171001327.3
2022/02/22,211318713.4
2022/02/23,208538204
2022/02/24,183513619.5
2022/02/25,186294128.9
2022/02/26,173781836.6
2022/02/27,189074638.3
2022/02/28,214099222.7
2022/03/01,225221260.3
2022/03/02,189074638.3
2022/03/03,204908164.1
2022/03/04,190365286.6
2022/03/05,168452735.7
2022/03/06,179409011.2
2022/03/07,202691096.6
2022/03/08,202691096.6
2022/03/09,188995752.2
2022/03/10,198582493.3
2022/03/11,188995752.2
2022/03/12,213647372.1
2022/03/13,206799699.9
2022/03/14,209538768.8
2022/03/15,190365286.6
2022/03/16,212277837.6
2022/03/17,217523034.5
2022/03/18,195149454.7
2022/03/19,211525632.8
2022/03/20,210160951.3
2022/03/21,208796269.8
2022/03/22,203337543.7
2022/03/23,197878817.7
2022/03/24,195149454.7
2022/03/25,212890314.3
2022/03/26,219713721.8
2022/03/27,178773276.7
2022/03/28,216984358.8
2022/03/29,206066906.7
2022/03/30,184232002.7
2022/03/31,194247387.9
2022/04/01,200371606.3
2022/04/02,191845155
2022/04/03,197529455.8
2022/04/04,224529885.1
2022/04/05,206055907.2
2022/04/06,213161283.3
2022/04/07,196108380.6
2022/04/08,190424079.7
2022/04/09,217424508.9
2022/04/10,198950531.1
2022/04/11,194687305.4
2022/04/12,217424508.9
2022/04/13,198950531.1
2022/04/14,194492275.6
2022/04/15,221692722.8
2022/04/16,188017878.9
2022/04/17,231514552.3
2022/04/18,188017878.9
2022/04/19,173986693.9
2022/04/20,224498959.8
2022/04/21,237127026.3
2022/04/22,189420997.4
2022/04/23,228708315.3
2022/04/24,239933263.3
2022/04/25,227305196.8
