Date,ETH Price (USD),Hashrate (GH/s),Blocks per day,,
1/1/2016,0.93,526.2007,4885,,
1/2/2016,0.93,528.0765,5095,,
1/3/2016,0.97,544.8281,5134,,
1/4/2016,0.95,541.3346,5096,,
1/5/2016,0.95,548.8214,5126,,
1/6/2016,0.96,552.2518,5090,,
1/7/2016,0.95,526.3401,4981,,
1/8/2016,0.99,550.7067,5176,,
1/9/2016,0.99,551.6457,5099,,
1/10/2016,0.99,538.0286,5093,,
1/11/2016,1.05,561.5707,5107,,
1/12/2016,1.23,541.1136,4930,,
1/13/2016,1.13,530.6222,5002,,
1/14/2016,1.16,553.7419,5090,,
1/15/2016,1.22,567.1537,5084,,
1/16/2016,1.22,574.0822,5046,,
1/17/2016,1.31,568.3259,5036,,
1/18/2016,1.47,591.419,5072,,
1/19/2016,1.37,584.904,4972,,
1/20/2016,1.53,588.1518,5038,,
1/21/2016,1.54,584.1308,4963,,
1/22/2016,1.52,610.6596,5007,,
1/23/2016,2.03,608.8656,4928,,
1/24/2016,2.1,650.5701,5168,,
1/25/2016,2.5,624.8285,4881,,
1/26/2016,2.3,672.8732,5152,,
1/27/2016,2.42,663.7333,4983,,
1/28/2016,2.55,652.1991,5059,,
1/29/2016,2.41,670.1196,4981,,
1/30/2016,2.43,668.8032,5017,,
1/31/2016,2.2,646.7083,4872,,
2/1/2016,2.17,679.1845,5015,,
2/2/2016,2.45,648.4793,4955,,
2/3/2016,2.53,696.9209,5199,,
2/4/2016,2.57,694.2255,5062,,
2/5/2016,2.57,698.6372,5046,,
2/6/2016,2.53,674.6478,4987,,
2/7/2016,3,693.3343,5087,,
2/8/2016,3.16,723.2448,5071,,
2/9/2016,3.76,699.4473,5055,,
2/10/2016,4.35,718.0474,4961,,
2/11/2016,6.38,747.5285,5019,,
2/12/2016,5.27,720.7269,5033,,
2/13/2016,5.22,766.029,5093,,
2/14/2016,5.2,775.2691,4990,,
2/15/2016,5.22,794.6889,4975,,
2/16/2016,4.25,789.694,5025,,
2/17/2016,3.86,770.0884,4857,,
2/18/2016,4.36,750.9481,4999,,
2/19/2016,4.45,794.8141,5033,,
2/20/2016,4.37,800.292,5051,,
2/21/2016,4.63,808.8832,5055,,
2/22/2016,5.6,844.5991,5103,,
2/23/2016,5.7,849.5091,4969,,
2/24/2016,6.23,846.5788,5029,,
2/25/2016,5.93,855.9038,5128,,
2/26/2016,6.03,881.5024,5055,,
2/27/2016,6.31,896.6538,4992,,
2/28/2016,6.5,915.9603,5029,,
2/29/2016,6.35,885.9939,4820,,
3/1/2016,7.59,900.4969,5052,,
3/2/2016,8.7,939.1247,5086,,
3/3/2016,9.35,957.2282,5014,,
3/4/2016,9.96,982.6566,4994,,
3/5/2016,11,1030.3311,5138,,
3/6/2016,10.98,1036.7243,4907,,
3/7/2016,9.5,1047.5369,5026,,
3/8/2016,9.88,1060.2446,5017,,
3/9/2016,11.55,1080.6917,4989,,
3/10/2016,11.11,1124.5588,5196,,
3/11/2016,11.25,1152.2742,5065,,
3/12/2016,13.25,1215.6928,5023,,
3/13/2016,15,1291.2983,5186,,
3/14/2016,12.5,1246.4302,5108,,
3/15/2016,13.09,1295.5505,5979,,
3/16/2016,12.92,1322.2236,6025,,
3/17/2016,11.14,1369.4014,6082,,
3/18/2016,10.75,1354.7364,5962,,
3/19/2016,10.55,1419.6017,6082,,
3/20/2016,10.06,1450.4615,6027,,
3/21/2016,11.97,1430.1956,5994,,
3/22/2016,10.96,1466.4437,6071,,
3/23/2016,12.29,1389.2046,5974,,
3/24/2016,11.13,1505.2497,6101,,
3/25/2016,10.69,1574.3074,6066,,
3/26/2016,11,1620.192,6095,,
3/27/2016,10.5,1641.9153,6046,,
3/28/2016,11.58,1608.6662,5999,,
3/29/2016,11.73,1670.8109,6010,,
3/30/2016,11.88,1712.2136,6047,,
3/31/2016,11.41,1769.0299,6021,,
4/1/2016,11.63,1789.7099,6081,,
4/2/2016,11.61,1726.9503,5936,,
4/3/2016,11.58,1825.8351,6035,,
4/4/2016,11.1,1909.2179,6086,,
4/5/2016,10.39,1918.4151,6033,,
4/6/2016,10.79,1894.4371,6004,,
4/7/2016,10.08,1812.6601,5953,,
4/8/2016,9.74,1973.1984,6102,,
4/9/2016,9.16,1959.8205,5933,,
4/10/2016,8.8,2036.3026,6065,,
4/11/2016,8.72,1971.8315,5937,,
4/12/2016,7.54,1930.8805,6015,,
4/13/2016,8.02,2027.4732,6015,,
4/14/2016,8.48,2040.3898,6021,,
4/15/2016,8.22,2122.0072,6059,,
4/16/2016,8.48,2151.0281,6019,,
4/17/2016,9.45,2099.2955,6015,,
4/18/2016,8.92,2225.2231,6055,,
4/19/2016,8.77,2224.0597,5969,,
4/20/2016,8.54,2269.7286,6050,,
4/21/2016,8.16,2289.2977,5990,,
4/22/2016,7.83,2218.8202,6031,,
4/23/2016,8.31,2314.4714,6051,,
4/24/2016,8,2281.4876,5981,,
4/25/2016,7.43,2398.2374,6104,,
4/26/2016,7.5,2327.7401,5952,,
4/27/2016,7.77,2343.4699,6062,,
4/28/2016,7.3,2398.094,6030,,
4/29/2016,7.52,2445.412,6030,,
4/30/2016,8.83,2541.0507,6058,,
5/1/2016,8.76,2519.2786,5942,,
5/2/2016,10.03,2435.2643,6080,,
5/3/2016,9.37,2570.8192,6054,,
5/4/2016,9.43,2540.3269,5980,,
5/5/2016,9.79,2548.6649,6037,,
5/6/2016,9.27,2558.802,6022,,
5/7/2016,9.3,2546.9321,5988,,
5/8/2016,9.44,2596.7218,6051,,
5/9/2016,9.32,2619.8292,6044,,
5/10/2016,9.39,2678.5523,6012,,
5/11/2016,9.97,2576.6882,5914,,
5/12/2016,10.1,2640.5013,6099,,
5/13/2016,10.48,2813.5085,6064,,
5/14/2016,10.14,2768.5727,5958,,
5/15/2016,9.94,2787.9132,6015,,
5/16/2016,11.04,2782.0494,5961,,
5/17/2016,12.26,2777.3602,6071,,
5/18/2016,13.29,2893.0189,6063,,
5/19/2016,14.49,2959.2314,6011,,
5/20/2016,13.73,3019.804,6037,,
5/21/2016,13.95,3042.5019,5981,,
5/22/2016,14.21,3034.0969,6084,,
5/23/2016,13.45,3047.7928,6013,,
5/24/2016,12.62,3097.5979,6010,,
5/25/2016,12.53,3126.5085,6029,,
5/26/2016,12.37,3161.323,6019,,
5/27/2016,11.11,3175.1154,6045,,
5/28/2016,11.56,3253.1913,6019,,
5/29/2016,12.28,3275.4294,6001,,
5/30/2016,12.48,3266.9893,6007,,
5/31/2016,13.85,3226.0808,5936,,
6/1/2016,13.83,3170.4475,6039,,
6/2/2016,13.78,3240.5703,6072,,
6/3/2016,13.78,3413.4593,6029,,
6/4/2016,13.66,3396.8318,6016,,
6/5/2016,13.85,3326.0748,5963,,
6/6/2016,13.96,3441.9709,6108,,
6/7/2016,14.41,3465.5588,5990,,
6/8/2016,14.44,3478.0667,6091,,
6/9/2016,14.49,3639.7054,6092,,
6/10/2016,13.97,3424.0833,5902,,
6/11/2016,14.01,3555.18,6114,,
6/12/2016,15.57,3581.6422,6065,,
6/13/2016,17.55,3714.9746,6084,,
6/14/2016,18.7,3749.449,6035,,
6/15/2016,18.3,3718.5221,6007,,
6/16/2016,20.61,3717.1685,6015,,
6/17/2016,15.49,3864.3682,5849,,
6/18/2016,11.36,3764.232,5889,,
6/19/2016,12.33,3855.0105,6222,,
6/20/2016,11.7,3814.1165,5949,,
6/21/2016,12.71,3755.1058,5999,,
6/22/2016,13.21,3914.4371,6139,,
6/23/2016,13.58,3993.7808,6003,,
6/24/2016,14.25,3987.4979,6042,,
6/25/2016,14.28,3971.3075,5998,,
6/26/2016,13.82,4090.5901,6052,,
6/27/2016,14.04,4165.2564,6052,,
6/28/2016,12.15,4215.9351,6067,,
6/29/2016,12.76,4114.6487,5991,,
6/30/2016,12.4,4137.6421,5985,,
7/1/2016,12.23,4235.8486,6127,,
7/2/2016,12.04,4246.5515,6003,,
7/3/2016,11.85,4343.8485,6045,,
7/4/2016,11.34,4332.1514,6067,,
7/5/2016,10.45,4335.0033,5949,,
7/6/2016,10.51,4336.5273,6088,,
7/7/2016,10.07,4320.9295,6036,,
7/8/2016,11.3,4345.7744,5996,,
7/9/2016,10.92,4356.4367,6126,,
7/10/2016,10.97,4385.4846,6046,,
7/11/2016,10.58,4454.888,6029,,
7/12/2016,10.54,4453.2789,6006,,
7/13/2016,10.44,4517.2296,6086,,
7/14/2016,11.55,4472.393,6001,,
7/15/2016,11.88,4402.0765,5988,,
7/16/2016,11.59,4426.8996,6081,,
7/17/2016,11.19,4446.0043,6029,,
7/18/2016,11.03,4569.4936,6109,,
7/19/2016,11.63,4514.7929,5970,,
7/20/2016,12.54,4425.822,5946,,
7/21/2016,12.66,4602.5527,6154,,
7/22/2016,14.82,4434.4853,5957,,
7/23/2016,14.4,4619.5511,6093,,
7/24/2016,12.63,4498.6015,5937,,
7/25/2016,13.84,4353.0916,6030,,
7/26/2016,12.08,4147.0192,5809,,
7/27/2016,13.05,3975.9477,6175,,
7/28/2016,12.87,4230.6929,6081,,
7/29/2016,12.87,4137.8516,5979,,
7/30/2016,12.57,4057.8986,5981,,
7/31/2016,11.86,4120.2423,6029,,
8/1/2016,11.04,4033.4068,5961,,
8/2/2016,8.3,3736.2769,5894,,
8/3/2016,10.42,3614.2588,5984,,
8/4/2016,11.21,3936.9981,6192,,
8/5/2016,11.05,4031.1962,6065,,
8/6/2016,10.95,3924.4177,5978,,
8/7/2016,10.98,4058.0205,6077,,
8/8/2016,11.29,4136.7742,6059,,
8/9/2016,12.22,4353.1675,6130,,
8/10/2016,12.22,4442.4061,6054,,
8/11/2016,11.68,4538.8823,6068,,
8/12/2016,11.78,4529.4509,6014,,
8/13/2016,11.56,4479.0387,6032,,
8/14/2016,11.21,4488.9892,6034,,
8/15/2016,11.21,4512.4457,6090,,
8/16/2016,11.17,4623.2492,6054,,
8/17/2016,10.77,4616.8304,6009,,
8/18/2016,10.77,4717.6488,6100,,
8/19/2016,10.71,4666.3602,6014,,
8/20/2016,11.28,4807.7401,6055,,
8/21/2016,11.14,4860.5322,6084,,
8/22/2016,11.07,4890.1286,6078,,
8/23/2016,11.01,4980.5674,6015,,
8/24/2016,11.01,4968.8061,6053,,
8/25/2016,11.35,5076.846,6094,,
8/26/2016,11.26,5242.0628,6006,,
8/27/2016,11.19,5241.1926,6076,,
8/28/2016,10.99,5174.1701,6035,,
8/29/2016,10.95,5110.3024,6014,,
8/30/2016,11.21,5104.6336,6026,,
8/31/2016,11.55,5212.9746,6073,,
9/1/2016,12.21,5264.4573,5989,,
9/2/2016,12.08,5339.3071,6088,,
9/3/2016,11.85,5064.514,5949,,
9/4/2016,11.71,4925.8701,6023,,
9/5/2016,11.75,5116.8905,6076,,
9/6/2016,11.7,5066.0973,5993,,
9/7/2016,11.59,5193.0105,6118,,
9/8/2016,11.39,5135.7331,6016,,
9/9/2016,11.72,5165.9252,6074,,
9/10/2016,12.05,5212.7523,5999,,
9/11/2016,11.64,5414.1144,6093,,
9/12/2016,11.89,5397.9619,6063,,
9/13/2016,11.92,5369.0839,6003,,
9/14/2016,11.97,5550.9528,6091,,
9/15/2016,11.96,5538.7187,6031,,
9/16/2016,12.61,5504.7355,6065,,
9/17/2016,12.83,5705.4374,6044,,
9/18/2016,12.39,5038.1328,5598,,
9/19/2016,12.93,5155.0804,6409,,
9/20/2016,14.72,5747.8625,6167,,
9/21/2016,13.72,5918.6443,6062,,
9/22/2016,13.11,5443.359,5746,,
9/23/2016,13.36,5966.6603,6226,,
9/24/2016,12.91,5995.2836,5877,,
9/25/2016,13.05,6227.8531,6267,,
9/26/2016,12.89,5867.8083,5843,,
9/27/2016,13.09,6199.3892,6053,,
9/28/2016,13.3,6242.7931,6106,,
9/29/2016,13.17,6382.9672,6126,,
9/30/2016,13.24,6211.6467,6008,,
10/1/2016,13.21,6435.5312,5780,,
10/2/2016,13.23,6609.1126,6068,,
10/3/2016,13.45,6480.4953,6204,,
10/4/2016,13.32,6618.6976,6077,,
10/5/2016,13.09,6594.0094,5817,,
10/6/2016,12.87,6644.5921,5953,,
10/7/2016,12.68,6417.1224,5887,,
10/8/2016,12.24,6698.4587,6200,,
10/9/2016,12.06,6812.7671,6049,,
10/10/2016,11.74,6857.1214,6041,,
10/11/2016,11.75,6937.1736,6050,,
10/12/2016,11.77,6700.3711,5910,,
10/13/2016,12.02,6965.8669,6114,,
10/14/2016,11.9,7226.2037,6079,,
10/15/2016,11.96,7301.6059,6027,,
10/16/2016,11.93,7491.1701,6055,,
10/17/2016,11.98,7121.9336,5959,,
10/18/2016,12.5,7396.8799,6119,,
10/19/2016,11.98,7431.3973,5774,,
10/20/2016,12.05,7670.915,6298,,
10/21/2016,12.07,7757.4499,6097,,
10/22/2016,12.06,7767.7022,6041,,
10/23/2016,11.95,7558.2757,5993,,
10/24/2016,11.93,7712.7627,6065,,
10/25/2016,11.38,7817.4541,6028,,
10/26/2016,11.5,7897.5795,6096,,
10/27/2016,11.43,7754.9282,6018,,
10/28/2016,11.08,7447.6341,5943,,
10/29/2016,10.39,5933.8419,5668,,
10/30/2016,11.22,5768.4023,6059,,
10/31/2016,10.91,6170.1936,6092,,
11/1/2016,10.75,5264.4502,5839,,
11/2/2016,10.82,4743.8178,5952,,
11/3/2016,10.86,4528.1677,5950,,
11/4/2016,11.13,4164.5726,5904,,
11/5/2016,11.11,3926.9146,5996,,
11/6/2016,10.97,3870.5255,6054,,
11/7/2016,10.9,4601.8022,6315,,
11/8/2016,10.86,5126.5784,6159,,
11/9/2016,10.64,5000.396,5924,,
11/10/2016,10.52,4596.517,5966,,
11/11/2016,10.29,4470.7243,5992,,
11/12/2016,9.96,4555.873,6086,,
11/13/2016,10.13,4937.128,6203,,
11/14/2016,10,5122.3997,6067,,
11/15/2016,10.22,5155.4629,6006,,
11/16/2016,10.01,5050.1138,6045,,
11/17/2016,9.95,4838.0854,5868,,
11/18/2016,9.53,5193.5489,6289,,
11/19/2016,9.7,5480.2832,6150,,
11/20/2016,9.57,5987.5706,6179,,
11/21/2016,9.56,6324.9229,6073,,
11/22/2016,9.84,5955.0846,5922,,
11/23/2016,9.78,5908.0341,5837,,
11/24/2016,9.22,5287.2911,5914,,
11/25/2016,9.39,5301.8374,6111,,
11/26/2016,9.34,5364.8074,5938,,
11/27/2016,8.91,5348.1061,5945,,
11/28/2016,8.67,5544.287,6042,,
11/29/2016,8.18,5456.127,5988,,
11/30/2016,8.59,5209.9548,6061,,
12/1/2016,8.44,5268.3704,6057,,
12/2/2016,7.65,5341.6121,6075,,
12/3/2016,7.9,5614.5189,6160,,
12/4/2016,7.54,5551.9253,5983,,
12/5/2016,6.69,5409.3217,6004,,
12/6/2016,7.61,5367.7479,6089,,
12/7/2016,8.35,5496.8057,6073,,
12/8/2016,8.3,5783.3873,6125,,
12/9/2016,8.52,5914.8346,6050,,
12/10/2016,8.09,6040.1544,6075,,
12/11/2016,8.2,6204.02,6098,,
12/12/2016,8.45,5975.0517,5999,,
12/13/2016,8.4,6168.728,6070,,
12/14/2016,8.23,6132.4685,6080,,
12/15/2016,7.76,6097.3583,6001,,
12/16/2016,7.85,6290.8766,6075,,
12/17/2016,7.66,6370.3847,6116,,
12/18/2016,7.89,6594.1816,6096,,
12/19/2016,7.61,6588.4056,6032,,
12/20/2016,7.59,6748.3212,6069,,
12/21/2016,7.87,6696.8063,6070,,
12/22/2016,7.64,6475.333,5956,,
12/23/2016,7.16,6022.6423,5954,,
12/24/2016,7.23,5671.6635,6006,,
12/25/2016,7.19,5939.9539,6127,,
12/26/2016,7.21,6147.6001,6066,,
12/27/2016,7.15,5943.6228,5998,,
12/28/2016,7.57,5906.9011,6056,,
12/29/2016,8.21,5885.5378,6082,,
12/30/2016,8.16,5892.7281,6063,,
12/31/2016,8.05,5957.5536,5993,,
1/1/2017,8.14,5962.5576,6111,,
1/2/2017,8.34,5979.936,6058,,
1/3/2017,9.6,5984.9265,6035,,
1/4/2017,10.88,6603.4409,6141,,
1/5/2017,10.2,6748.8433,6091,,
1/6/2017,10.07,6783.5835,6009,,
1/7/2017,9.79,7025.7055,6108,,
1/8/2017,10.27,7052.8143,6074,,
1/9/2017,10.2,7281.103,6082,,
1/10/2017,10.55,7283.0151,6030,,
1/11/2017,9.83,7356.4905,6047,,
1/12/2017,9.81,7432.253,6056,,
1/13/2017,9.78,7568.8324,6106,,
1/14/2017,9.78,7587.9426,6067,,
1/15/2017,9.88,7741.9086,6085,,
1/16/2017,9.59,7735.3142,6052,,
1/17/2017,10.14,7657.6882,6002,,
1/18/2017,10.19,7592.5237,6065,,
1/19/2017,10.43,8114.4421,6158,,
1/20/2017,10.6,7838.6452,5963,,
1/21/2017,10.91,8044.0736,6046,,
1/22/2017,10.71,8083.9775,6065,,
1/23/2017,10.78,8232.8818,6048,,
1/24/2017,10.51,8124.3364,6037,,
1/25/2017,10.51,8145.8979,6010,,
1/26/2017,10.65,8367.5758,6081,,
1/27/2017,10.51,8244.2883,5985,,
1/28/2017,10.54,8279.3794,6063,,
1/29/2017,10.47,8111.2062,5960,,
1/30/2017,10.62,8348.0885,6094,,
1/31/2017,10.71,8339.12,6018,,
2/1/2017,10.71,8226.0029,6009,,
2/2/2017,10.78,8407.2648,6047,,
2/3/2017,10.95,8271.9789,5990,,
2/4/2017,11.32,8427.7058,6078,,
2/5/2017,11.22,8773.2937,6077,,
2/6/2017,11.32,8877.6557,6050,,
2/7/2017,11.45,8865.7805,5998,,
2/8/2017,11.39,8981.8497,6067,,
2/9/2017,10.94,8947.4759,6029,,
2/10/2017,11.34,9217.8017,6040,,
2/11/2017,11.43,9275.2906,6038,,
2/12/2017,11.42,9392.2664,6059,,
2/13/2017,11.39,9522.8756,6070,,
2/14/2017,13,9629.3742,6023,,
2/15/2017,12.97,9674.344,6089,,
2/16/2017,12.95,9633.6869,6052,,
2/17/2017,12.72,9813.818,6012,,
2/18/2017,12.83,9910.4307,5999,,
2/19/2017,12.82,10076.9868,6019,,
2/20/2017,12.52,10118.1204,6015,,
2/21/2017,12.77,10342.9777,6052,,
2/22/2017,12.69,10225.688,5968,,
2/23/2017,13.13,10249.8892,6019,,
2/24/2017,13.11,10300.807,6011,,
2/25/2017,13.57,10613.2667,6039,,
2/26/2017,14.59,11038.1733,6089,,
2/27/2017,15.55,11078.6475,5988,,
2/28/2017,16.07,11579.116,6107,,
3/1/2017,17.55,11193.1403,5958,,
3/2/2017,19.08,11369.6535,6061,,
3/3/2017,19.48,11791.9899,6006,,
3/4/2017,18.61,11641.3951,5985,,
3/5/2017,19.22,12169.6377,6073,,
3/6/2017,19.75,12202.0077,5977,,
3/7/2017,18.91,12126.1529,5978,,
3/8/2017,16.54,12566.0974,6016,,
3/9/2017,17.71,12593.1903,5928,,
3/10/2017,19.13,12622.6645,5953,,
3/11/2017,21.45,12870.7578,6002,,
3/12/2017,23.31,12911.1921,5919,,
3/13/2017,28.45,13434.1504,6040,,
3/14/2017,28.58,13255.2329,5961,,
3/15/2017,35.18,13628.7396,5986,,
3/16/2017,45.51,13794.9629,5990,,
3/17/2017,44.48,14518.7852,6046,,
3/18/2017,34,14696.5419,5991,,
3/19/2017,43.12,13915.1809,5950,,
3/20/2017,42.51,14863.3155,6066,,
3/21/2017,42.67,14561.0448,5957,,
3/22/2017,41.65,14914.7357,6008,,
3/23/2017,43.2,15425.4361,5914,,
3/24/2017,53.19,15334.1063,5913,,
3/25/2017,50.62,15439.4585,5962,,
3/26/2017,50.63,16219.4936,5981,,
3/27/2017,49.06,16894.3097,5951,,
3/28/2017,50.25,16458.957,5900,,
3/29/2017,53.07,17141.823,5988,,
3/30/2017,51.91,17183.9723,5910,,
3/31/2017,49.91,17643.5302,5971,,
4/1/2017,50.6,17342.0731,5926,,
4/2/2017,48.55,17320.8014,5846,,
4/3/2017,44.13,16564.8723,5979,,
4/4/2017,44.43,17593.0096,5932,,
4/5/2017,44.9,18094.6996,5986,,
4/6/2017,43.23,17967.3505,5880,,
4/7/2017,42.31,18253.0325,5946,,
4/8/2017,44.37,18340.2159,5936,,
4/9/2017,43.72,18009.4232,5797,,
4/10/2017,43.74,18072.1973,5758,,
4/11/2017,43.74,18671.3934,5849,,
4/12/2017,46.38,18555.8787,5779,,
4/13/2017,49.97,18205.074,5798,,
4/14/2017,47.32,19833.812,5908,,
4/15/2017,48.89,19260.1407,5721,,
4/16/2017,48.22,19591.7831,5820,,
4/17/2017,47.94,19889.9768,5861,,
4/18/2017,49.88,20302.3049,5861,,
4/19/2017,47.88,20078.8856,5718,,
4/20/2017,49.36,20288.8866,5859,,
4/21/2017,48.27,20805.2888,5878,,
4/22/2017,48.41,20900.958,5792,,
4/23/2017,48.75,21389.0055,5864,,
4/24/2017,49.94,20664.8066,5721,,
4/25/2017,50.09,21582.4498,5897,,
4/26/2017,53.28,21292.624,5637,,
4/27/2017,63.14,21617.4059,5642,,
4/28/2017,72.42,22951.0371,5697,,
4/29/2017,69.83,23467.3816,5626,,
4/30/2017,79.83,22938.2706,5648,,
5/1/2017,77.53,23205.2792,5624,,
5/2/2017,77.25,23246.7388,5619,,
5/3/2017,80.37,23614.2464,5649,,
5/4/2017,94.55,23265.2011,5649,,
5/5/2017,90.79,24468.9937,5675,,
5/6/2017,94.82,24415.8585,5678,,
5/7/2017,90.46,24862.0244,5718,,
5/8/2017,88.39,24481.3196,5640,,
5/9/2017,86.27,25606.8006,5672,,
5/10/2017,87.83,25352.2733,5648,,
5/11/2017,88.2,25792.7606,5702,,
5/12/2017,85.15,26696.7857,5688,,
5/13/2017,87.96,26056.3076,5591,,
5/14/2017,88.72,26882.1696,5402,,
5/15/2017,90.32,27814.0407,5401,,
5/16/2017,87.8,28230.111,5457,,
5/17/2017,86.98,26762.9284,5325,,
5/18/2017,95.88,27740.2141,5462,,
5/19/2017,124.38,28816.636,5424,,
5/20/2017,123.06,29609.4667,5489,,
5/21/2017,148,30501.1451,5437,,
5/22/2017,160.39,31382.7051,5468,,
5/23/2017,169.5,30236.4543,5419,,
5/24/2017,193.03,30975.705,5427,,
5/25/2017,177.33,31139.2104,5465,,
5/26/2017,162.83,31197.0515,5492,,
5/27/2017,156.63,32153.7231,5439,,
5/28/2017,172.86,31940.9693,5453,,
5/29/2017,194.17,34015.7294,5579,,
5/30/2017,228.58,36263.7391,5581,,
5/31/2017,228.64,35309.9381,5412,,
6/1/2017,220.7,37244.2449,5276,,
6/2/2017,222.04,36298.9273,5087,,
6/3/2017,224.3,37390.2818,5206,,
6/4/2017,244.96,38378.7011,5160,,
6/5/2017,247.75,39283.0384,5249,,
6/6/2017,264.26,39838.9042,5208,,
6/7/2017,255.77,41466.1245,5239,,
6/8/2017,259.41,41827.9352,5209,,
6/9/2017,279.11,41762.2012,5214,,
6/10/2017,335.95,43934.269,5332,,
6/11/2017,339.68,45025.9063,5246,,
6/12/2017,394.66,44971.345,5237,,
6/13/2017,388.09,46524.8904,5272,,
6/14/2017,343.84,47653.2451,5293,,
6/15/2017,344.68,48524.7456,5305,,
6/16/2017,353.61,49363.4715,5336,,
6/17/2017,368.1,50988.985,5279,,
6/18/2017,351.53,51996.5122,5347,,
6/19/2017,358.2,52568.3389,5334,,
6/20/2017,350.53,53605.3273,4967,,
6/21/2017,325.3,54107.974,4898,,
6/22/2017,320.97,54738.2538,4944,,
6/23/2017,326.85,54340.7602,4890,,
6/24/2017,304.54,55696.7824,4939,,
6/25/2017,279.36,56394.2575,4926,,
6/26/2017,253.68,58414.4698,4965,,
6/27/2017,286.14,58319.7387,5001,,
6/28/2017,315.86,59928.6376,4961,,
6/29/2017,292.9,61553.5382,5027,,
6/30/2017,280.68,61650.5709,5036,,
7/1/2017,261,62556.7775,5009,,
7/2/2017,283.99,63113.6089,5034,,
7/3/2017,276.41,64997.08,5052,,
7/4/2017,269.05,66569.3952,5078,,
7/5/2017,266,64822.7346,4985,,
7/6/2017,265.88,65978.5137,5046,,
7/7/2017,240.94,67085.5686,5084,,
7/8/2017,245.67,67464.2959,5087,,
7/9/2017,237.72,68072.3545,5094,,
7/10/2017,205.76,69107.6248,4594,,
7/11/2017,190.55,68636.1856,4520,,
7/12/2017,224.15,66929.7884,4509,,
7/13/2017,205.41,67583.3821,4512,,
7/14/2017,197.14,66162.8973,4502,,
7/15/2017,169.1,68590.0251,4603,,
7/16/2017,155.42,70207.4606,4575,,
7/17/2017,189.97,66693.2842,4459,,
7/18/2017,227.09,68408.1739,4551,,
7/19/2017,194.41,71183.4584,4637,,
7/20/2017,226.33,73430.2935,4632,,
7/21/2017,216.33,73178.0557,4543,,
7/22/2017,230.47,72967.3365,4649,,
7/23/2017,228.32,75690.2025,4660,,
7/24/2017,225.48,73612.8357,4582,,
7/25/2017,203.59,77165.6725,4686,,
7/26/2017,202.88,76836.4143,4650,,
7/27/2017,202.93,75616.4916,4634,,
7/28/2017,191.21,77536.4097,4647,,
7/29/2017,206.14,76584.8357,4683,,
7/30/2017,196.78,79028.534,4704,,
7/31/2017,201.33,80870.2609,4535,,
8/1/2017,225.9,80820.0069,4087,,
8/2/2017,218.12,79694.0246,4044,,
8/3/2017,224.39,76659.268,3976,,
8/4/2017,220.6,79754.3216,4040,,
8/5/2017,253.09,78990.8015,4034,,
8/6/2017,264.56,80020.6258,4032,,
8/7/2017,269.94,82348.3479,4094,,
8/8/2017,296.51,83308.9277,4093,,
8/9/2017,295.28,84931.897,4113,,
8/10/2017,298.28,83442.1715,4029,,
8/11/2017,309.32,84627.2607,4105,,
8/12/2017,308.02,87270.9302,4113,,
8/13/2017,296.62,87653.9263,4129,,
8/14/2017,299.16,89584.3061,4133,,
8/15/2017,286.52,90812.4199,4132,,
8/16/2017,301.38,91289.1473,4166,,
8/17/2017,300.3,92534.9297,4144,,
8/18/2017,292.62,91777.3051,4136,,
8/19/2017,293.02,95425.5042,4211,,
8/20/2017,298.2,93281.2322,4156,,
8/21/2017,321.85,95741.8313,4233,,
8/22/2017,313.37,95942.1567,4185,,
8/23/2017,317.4,98296.3711,4216,,
8/24/2017,325.28,97228.3329,4184,,
8/25/2017,330.06,95339.2953,3554,,
8/26/2017,332.86,95944.7226,3499,,
8/27/2017,347.88,95506.9876,3514,,
8/28/2017,347.66,92566.5693,3446,,
8/29/2017,372.35,99235.369,3541,,
8/30/2017,383.86,99678.7102,3531,,
8/31/2017,388.33,97955.4642,3473,,
9/1/2017,391.42,98985.3654,3521,,
9/2/2017,351.03,98883.0465,3541,,
9/3/2017,352.45,98450.1542,3539,,
9/4/2017,303.7,99991.3961,3527,,
9/5/2017,317.94,100474.3339,3559,,
9/6/2017,338.92,99614.2702,3510,,
9/7/2017,335.37,101735.9047,3547,,
9/8/2017,306.72,106728.0408,3592,,
9/9/2017,303.79,104087.0767,3561,,
9/10/2017,299.21,102462.2609,3574,,
9/11/2017,297.95,102521.0502,3551,,
9/12/2017,294.1,108070.1938,3603,,
9/13/2017,275.84,103537.1178,3536,,
9/14/2017,223.14,105590.7742,3599,,
9/15/2017,259.57,109240.2979,3616,,
9/16/2017,254.49,107169.6341,3609,,
9/17/2017,258.4,108004.7306,3630,,
9/18/2017,297.53,105851.5969,3557,,
9/19/2017,283,108650.3899,3628,,
9/20/2017,283.56,107391.0713,3600,,
9/21/2017,257.77,109411.54,3645,,
9/22/2017,262.94,108415.5019,3001,,
9/23/2017,286.14,103936.501,2884,,
9/24/2017,282.6,106744.3503,2938,,
9/25/2017,294.89,101530.2447,2836,,
9/26/2017,288.64,102987.1868,2890,,
9/27/2017,309.97,105672.8117,2904,,
9/28/2017,302.77,101865.3038,2856,,
9/29/2017,292.58,97747.1226,2829,,
9/30/2017,302.77,97246.8496,2840,,
10/1/2017,303.95,101856.5841,2862,,
10/2/2017,296.81,101498.7153,2842,,
10/3/2017,291.81,101330.3025,2862,,
10/4/2017,291.68,104322.349,2886,,
10/5/2017,294.99,107720.1602,2946,,
10/6/2017,308.33,102813.1953,2848,,
10/7/2017,311.26,100704.8489,2848,,
10/8/2017,309.49,104067.9114,2879,,
10/9/2017,296.95,104686.6792,2882,,
10/10/2017,298.46,106119.6349,2915,,
10/11/2017,302.86,109279.7021,2915,,
10/12/2017,302.89,105449.0222,2899,,
10/13/2017,336.83,110049.5848,2891,,
10/14/2017,338.81,105135.748,2887,,
10/15/2017,336.58,108556.0976,2925,,
10/16/2017,334.23,112491.5255,4554,,
10/17/2017,316.14,114496.653,6050,,
10/18/2017,313.54,113792.9401,6221,,
10/19/2017,307.41,117973.6768,6241,,
10/20/2017,303.08,117268.4555,6237,,
10/21/2017,299.55,116687.3756,6229,,
10/22/2017,294.03,118870.2012,6280,,
10/23/2017,285.27,117763.0093,6254,,
10/24/2017,296.5,121642.1225,6248,,
10/25/2017,296.35,118684.8641,6176,,
10/26/2017,295.54,114761.8238,6157,,
10/27/2017,296.36,117091.7153,6229,,
10/28/2017,293.35,118629.8189,6240,,
10/29/2017,304.04,117105.7539,6194,,
10/30/2017,306.8,115204.0015,6072,,
10/31/2017,303.64,119297.9707,6275,,
11/1/2017,289.42,120477.0125,6142,,
11/2/2017,284.92,115774.5028,6144,,
11/3/2017,304.51,113706.9239,6208,,
11/4/2017,300.04,111929.8264,6196,,
11/5/2017,296.23,117028.67,6299,,
11/6/2017,296.82,114621.414,6199,,
11/7/2017,291.84,113925.2212,6211,,
11/8/2017,307.35,116144.1465,6236,,
11/9/2017,319.66,114107.822,6195,,
11/10/2017,296.86,115773.7593,6300,,
11/11/2017,314.23,115718.414,6267,,
11/12/2017,306.02,118263.4894,6245,,
11/13/2017,314.6,117469.6839,6225,,
11/14/2017,334.72,114709.874,6122,,
11/15/2017,331.2,115382.9053,6237,,
11/16/2017,330.32,111657.6225,6154,,
11/17/2017,331.72,112630.8165,6235,,
11/18/2017,346.65,111516.8425,6215,,
11/19/2017,354.6,112980.6417,6266,,
11/20/2017,367.71,120188.5528,6176,,
11/21/2017,360.52,118772.9291,6174,,
11/22/2017,380.84,118382.3196,6242,,
11/23/2017,406.57,122161.9842,6190,,
11/24/2017,470.43,124844.7158,6234,,
11/25/2017,464.61,125309.3717,6201,,
11/26/2017,470.54,125187.293,6169,,
11/27/2017,475.24,123438.9985,6086,,
11/28/2017,466.27,121376.5047,6094,,
11/29/2017,427.42,123404.9935,6108,,
11/30/2017,434.85,124830.2891,6151,,
12/1/2017,461.58,125492.702,6127,,
12/2/2017,457.96,125605.2762,6053,,
12/3/2017,462.81,121828.5383,6029,,
12/4/2017,466.93,125869.5928,5671,,
12/5/2017,453.96,123432.1491,5588,,
12/6/2017,422.48,123628.5175,5473,,
12/7/2017,421.15,125209.8857,5798,,
12/8/2017,451.74,127322.6374,5803,,
12/9/2017,472.86,128300.9697,5813,,
12/10/2017,436.49,126733.7869,5781,,
12/11/2017,513.29,128336.6496,5749,,
12/12/2017,656.52,128931.8969,5715,,
12/13/2017,699.09,134096.1365,5659,,
12/14/2017,693.58,137629.7703,5694,,
12/15/2017,684.27,143758.2604,5800,,
12/16/2017,692.83,141945.8652,5775,,
12/17/2017,717.71,142954.4584,5781,,
12/18/2017,785.99,147283.4924,5781,,
12/19/2017,812.5,144785.8066,5604,,
12/20/2017,799.17,143787.1073,5571,,
12/21/2017,789.39,143918.9673,5570,,
12/22/2017,657.83,143237.655,5652,,
12/23/2017,700.44,149570.4924,5947,,
12/24/2017,675.91,148933.7151,5981,,
12/25/2017,723.14,150660.6855,6032,,
12/26/2017,753.4,151469.2196,5992,,
12/27/2017,739.94,152530.5011,5966,,
12/28/2017,716.69,156618.8488,5889,,
12/29/2017,739.6,153605.9851,5786,,
12/30/2017,692.99,154787.985,5773,,
12/31/2017,741.13,156919.1805,5907,,
1/1/2018,756.2,159441.8475,5926,,
1/2/2018,861.97,159057.5377,5750,,
1/3/2018,941.1,158805.4552,5540,,
1/4/2018,944.83,162473.4175,5454,,
1/5/2018,967.13,166391.1687,5341,,
1/6/2018,1006.41,163074.7937,5416,,
1/7/2018,1117.75,169010.8826,5528,,
1/8/2018,1136.11,168775.8944,5408,,
1/9/2018,1289.24,170785.6861,5377,,
1/10/2018,1248.99,174332.6871,5415,,
1/11/2018,1139.32,179701.776,5430,,
1/12/2018,1261.03,180394.1239,5419,,
1/13/2018,1385.02,181051.4051,5394,,
1/14/2018,1359.48,185408.671,5625,,
1/15/2018,1278.69,181636.7811,5424,,
1/16/2018,1050.26,187122.9824,5522,,
1/17/2018,1024.69,191023.8179,5572,,
1/18/2018,1012.97,189281.4868,5569,,
1/19/2018,1037.36,188933.6732,5685,,
1/20/2018,1150.5,196739.0047,5873,,
1/21/2018,1049.09,192489.0949,5810,,
1/22/2018,999.64,197018.312,5883,,
1/23/2018,984.47,196608.2455,5898,,
1/24/2018,1061.78,201694.5298,5961,,
1/25/2018,1046.37,203394.4979,5910,,
1/26/2018,1048.58,203454.7751,5910,,
1/27/2018,1109.08,202106.5578,6004,,
1/28/2018,1231.58,204748.658,6017,,
1/29/2018,1169.96,213099.1585,5925,,
1/30/2018,1063.75,210494.5728,5867,,
1/31/2018,1111.31,215826.4032,5883,,
2/1/2018,1026.19,221004.0257,5778,,
2/2/2018,917.47,224386.69,5865,,
2/3/2018,970.87,223750.0072,5973,,
2/4/2018,827.59,223628.198,5960,,
2/5/2018,695.08,229317.1819,6025,,
2/6/2018,785.01,226643.546,5926,,
2/7/2018,751.81,232001.6424,5913,,
2/8/2018,813.55,229493.3998,6002,,
2/9/2018,877.88,232843.1343,5936,,
2/10/2018,850.75,234466.2002,6022,,
2/11/2018,811.24,236401.4541,5955,,
2/12/2018,865.27,241154.4129,5945,,
2/13/2018,840.98,242643.0985,5965,,
2/14/2018,920.11,236293.682,5860,,
2/15/2018,927.95,238380.589,5966,,
2/16/2018,938.02,243106.1504,5958,,
2/17/2018,974.77,243542.0698,6036,,
2/18/2018,913.9,243539.0262,5984,,
2/19/2018,939.79,242911.4767,5898,,
2/20/2018,885.52,239653.9119,5814,,
2/21/2018,840.1,241642.47,5849,,
2/22/2018,804.63,243671.4308,5873,,
2/23/2018,854.7,245866.6703,5926,,
2/24/2018,833.49,244536.0463,5850,,
2/25/2018,840.28,250331.8931,5858,,
2/26/2018,867.62,247528.6317,5803,,
2/27/2018,871.58,243300.4607,5865,,
2/28/2018,851.5,252048.8658,5898,,
3/1/2018,869.87,253200.9448,5879,,
3/2/2018,855.6,255012.3761,5899,,
3/3/2018,855.65,260398.6003,5949,,
3/4/2018,864.83,253539.203,5881,,
3/5/2018,849.42,254483.1024,5885,,
3/6/2018,815.69,255139.4372,5890,,
3/7/2018,751.13,263414.6349,5915,,
3/8/2018,698.83,262514.1983,5856,,
3/9/2018,726.92,256561.6774,5898,,
3/10/2018,682.3,259056.4904,5893,,
3/11/2018,720.36,257997.7068,5957,,
3/12/2018,697.02,259747.3582,5823,,
3/13/2018,689.96,259172.212,5865,,
3/14/2018,613.15,256444.9328,5843,,
3/15/2018,610.56,259568.9864,5881,,
3/16/2018,600.53,268730.4354,5918,,
3/17/2018,549.79,266964.9124,5856,,
3/18/2018,537.38,264836.0208,5933,,
3/19/2018,555.55,265871.0509,5961,,
3/20/2018,557.57,267110.5194,5959,,
3/21/2018,559.91,263506.8368,5934,,
3/22/2018,539.89,263150.0403,6014,,
3/23/2018,543.83,264344.1817,5968,,
3/24/2018,520.16,262566.4697,6058,,
3/25/2018,523.01,263810.3782,6024,,
3/26/2018,486.25,270957.8644,6004,,
3/27/2018,448.78,264771.4928,5923,,
3/28/2018,445.93,264397.7036,5949,,
3/29/2018,383.9,259874.6018,5867,,
3/30/2018,393.82,262829.8108,5938,,
3/31/2018,394.07,259223.1258,6050,,
4/1/2018,378.85,259619.4056,6016,,
4/2/2018,384.68,259753.6379,6094,,
4/3/2018,415.93,253904.2585,5999,,
4/4/2018,378.65,256180.9285,6001,,
4/5/2018,381.36,257751.3129,6056,,
4/6/2018,370.35,264227.025,6051,,
4/7/2018,384.98,259807.1339,6049,,
4/8/2018,400.72,257932.3909,6058,,
4/9/2018,399.02,249655.5258,5995,,
4/10/2018,415.65,255877.335,6073,,
4/11/2018,430.42,253513.7145,5962,,
4/12/2018,493.95,252079.5961,5898,,
4/13/2018,494.96,254808.1705,5923,,
4/14/2018,502.79,255080.6519,5917,,
4/15/2018,534.15,255100.7545,5939,,
4/16/2018,511.67,256052.3846,5932,,
4/17/2018,503.03,255808.7177,5835,,
4/18/2018,525.78,249352.2209,5795,,
4/19/2018,567.25,256511.2913,5810,,
4/20/2018,617.16,250405.9833,5715,,
4/21/2018,605.17,259913.5162,5883,,
4/22/2018,621.33,256619.2584,5902,,
4/23/2018,644.13,260832.2833,5776,,
4/24/2018,703.35,255641.5849,5720,,
4/25/2018,617.73,257805.5643,5818,,
4/26/2018,661.45,267393.1962,5867,,
4/27/2018,643.33,257910.9333,5714,,
4/28/2018,683.02,254255.7956,5713,,
4/29/2018,689.31,265643.9588,5833,,
4/30/2018,670.04,264176.9608,5724,,
5/1/2018,670.81,256434.1957,5622,,
5/2/2018,686.74,261978.5703,5712,,
5/3/2018,777.62,263056.9143,5681,,
5/4/2018,784.21,266084.0108,5632,,
5/5/2018,816.58,270333.0862,5741,,
5/6/2018,790.39,270847.4157,5763,,
5/7/2018,752.4,276583.217,5835,,
5/8/2018,747.79,273677.2789,5734,,
5/9/2018,751.27,270175.0286,5730,,
5/10/2018,723.61,270049.063,5683,,
5/11/2018,677.8,273083.2403,5751,,
5/12/2018,683.64,278875.4553,5754,,
5/13/2018,729.34,278287.478,5760,,
5/14/2018,727.41,273117.6599,5638,,
5/15/2018,705.64,269469.4111,5732,,
5/16/2018,706.72,269830.24,5645,,
5/17/2018,668.38,272613.0226,5704,,
5/18/2018,693.57,270655.4582,5636,,
5/19/2018,696.05,272017.1413,5603,,
5/20/2018,715.15,275816.8568,5642,,
5/21/2018,696.73,278244.772,5687,,
5/22/2018,640.84,275055.3865,5601,,
5/23/2018,577.01,274364.416,5655,,
5/24/2018,602.59,264380.7978,5563,,
5/25/2018,584.77,266471.1125,5635,,
5/26/2018,585.76,270868.0697,5719,,
5/27/2018,569.64,264353.7928,5634,,
5/28/2018,512.03,269029.2955,5704,,
5/29/2018,566.59,268134.3091,5649,,
5/30/2018,557.12,265948.756,5609,,
5/31/2018,577.23,272316.521,5647,,
6/1/2018,579.01,261144.0211,5624,,
6/2/2018,590.53,268099.8023,5632,,
6/3/2018,619.04,266067.2667,5619,,
6/4/2018,591.31,267430.541,5672,,
6/5/2018,608.23,266560.0064,5591,,
6/6/2018,606.3,265007.3855,5633,,
6/7/2018,604.44,267538.3994,5639,,
6/8/2018,599.55,268957.8818,5679,,
6/9/2018,593.38,280223.7453,5610,,
6/10/2018,524.74,269619.0449,5641,,
6/11/2018,531.15,274305.6302,5657,,
6/12/2018,494.53,277830.7046,5714,,
6/13/2018,476.3,270306.5868,5752,,
6/14/2018,519.83,269852.2189,5765,,
6/15/2018,487.51,269008.4063,5782,,
6/16/2018,497.22,271809.3725,5871,,
6/17/2018,496.74,269649.1862,5915,,
6/18/2018,517.63,279860.27,5954,,
6/19/2018,538.45,282435.7599,5802,,
6/20/2018,536.16,279162.6223,5823,,
6/21/2018,525.77,282764.1807,5872,,
6/22/2018,462.16,284625.7577,5820,,
6/23/2018,474.18,280672.2867,5922,,
6/24/2018,455.25,281667.0977,5881,,
6/25/2018,458.82,282781.5154,5665,,
6/26/2018,429.58,280157.7279,5748,,
6/27/2018,441.75,288133.7823,5847,,
6/28/2018,420.72,279301.5766,5762,,
6/29/2018,435.25,277277.2425,5764,,
6/30/2018,453.42,287848.4026,5870,,
7/1/2018,451.95,276235.7552,5837,,
7/2/2018,476.58,281066.2288,5929,,
7/3/2018,461.95,285353.1633,5809,,
7/4/2018,467.19,282978.2286,5837,,
7/5/2018,467.55,292250.0375,5808,,
7/6/2018,469.93,287617.8867,5844,,
7/7/2018,485.81,290970.122,5820,,
7/8/2018,486.19,285211.1629,5697,,
7/9/2018,471.48,292711.4538,5855,,
7/10/2018,432.69,285475.5765,5783,,
7/11/2018,445.59,277618.9439,5931,,
7/12/2018,430.91,280736.7326,5993,,
7/13/2018,432.46,277972.6386,5953,,
7/14/2018,433.74,278402.5296,6006,,
7/15/2018,449.62,280223.7415,6067,,
7/16/2018,478.75,280468.6157,5851,,
7/17/2018,499.06,286575.539,5889,,
7/18/2018,479.02,284188.3364,5757,,
7/19/2018,468.65,280865.4338,5793,,
7/20/2018,448.84,276215.2061,5838,,
7/21/2018,461.04,265356.9052,5997,,
7/22/2018,457.65,277879.9228,5975,,
7/23/2018,449.63,287300.9941,5862,,
7/24/2018,479.47,282719.1101,5815,,
7/25/2018,471.28,289873.6853,5900,,
7/26/2018,462.03,287517.1961,5852,,
7/27/2018,469.69,286980.17,5909,,
7/28/2018,468.55,288229.5692,5991,,
7/29/2018,466.2,289579.6618,6010,,
7/30/2018,456.56,289075.2031,5963,,
7/31/2018,431.99,290345.5569,5919,,
8/1/2018,419.87,287162.3906,5861,,
8/2/2018,410.83,292800.3203,5854,,
8/3/2018,417.62,285672.7276,5916,,
8/4/2018,406.91,292889.4426,6003,,
8/5/2018,408.81,293048.5066,5932,,
8/6/2018,404.95,293327.109,5923,,
8/7/2018,377.94,291954.5748,5875,,
8/8/2018,355.57,294985.5601,5957,,
8/9/2018,363.51,295911.9974,5930,,
8/10/2018,331.57,292146.4903,5926,,
8/11/2018,318.01,293393.2115,5945,,
8/12/2018,318.2,285376.3397,5835,,
8/13/2018,284.03,285178.2999,5872,,
8/14/2018,278.31,286578.1953,5952,,
8/15/2018,281.24,283434.3978,5965,,
8/16/2018,286.8,279030.9812,5940,,
8/17/2018,317.57,284891.2505,5840,,
8/18/2018,294.85,280430.8589,5883,,
8/19/2018,299.62,282006.0502,5930,,
8/20/2018,270.81,283826.5336,5932,,
8/21/2018,281.13,286170.3659,5961,,
8/22/2018,270.37,289763.7194,5922,,
8/23/2018,275.83,279114.193,5853,,
8/24/2018,281.37,282957.45,5946,,
8/25/2018,277.56,283524.6978,5926,,
8/26/2018,274.3,288842.6926,5947,,
8/27/2018,288.02,285297.4737,5942,,
8/28/2018,295.55,282969.428,5898,,
8/29/2018,288.67,278007.4815,5890,,
8/30/2018,284.15,279549.2413,5910,,
8/31/2018,281.66,280439.7219,5953,,
9/1/2018,295.36,277588.8544,5880,,
9/2/2018,295.02,274831.7379,6027,,
9/3/2018,288.97,274967.4979,5887,,
9/4/2018,285.23,276727.458,5968,,
9/5/2018,228.27,277065.298,5956,,
9/6/2018,229.52,276862.3513,6048,,
9/7/2018,215.14,272247.9516,5913,,
9/8/2018,196.77,271323.9081,5936,,
9/9/2018,195.99,257770.4413,5899,,
9/10/2018,197.14,260772.6661,6007,,
9/11/2018,185.15,255565.1744,6002,,
9/12/2018,183.03,252569.2634,6043,,
9/13/2018,211.27,246361.6094,6004,,
9/14/2018,208.87,253565.5649,6066,,
9/15/2018,221.63,254429.8705,6051,,
9/16/2018,220.12,253293.4755,6113,,
9/17/2018,196.04,254187.1006,6080,,
9/18/2018,208.39,253649.0746,5967,,
9/19/2018,209.78,257726.225,6123,,
9/20/2018,224.76,256660.2049,6014,,
9/21/2018,247.69,255415.9684,6084,,
9/22/2018,240.78,262892.1809,6038,,
9/23/2018,244.55,260332.227,6080,,
9/24/2018,227.92,261741.3439,6075,,
9/25/2018,219.2,259333.6504,6113,,
9/26/2018,214.21,266760.1081,6112,,
9/27/2018,229.09,265516.5942,6081,,
9/28/2018,221.56,264448.9358,6098,,
9/29/2018,231.32,259938.0808,6095,,
9/30/2018,232.6,263793.7941,6114,,
10/1/2018,230.89,259027.1628,6095,,
10/2/2018,225.41,259556.2604,6180,,
10/3/2018,219.97,258086.8149,6075,,
10/4/2018,221.76,261317.7945,6146,,
10/5/2018,227.9,259922.335,6099,,
10/6/2018,224.62,261827.4556,6222,,
10/7/2018,225.65,263804.8258,6241,,
10/8/2018,229.33,266039.6993,6179,,
10/9/2018,227.49,263567.6875,6149,,
10/10/2018,225.26,263745.3818,6168,,
10/11/2018,189.83,259550.9898,6143,,
10/12/2018,195.97,259276.4273,6170,,
10/13/2018,199.45,256898.5131,6176,,
10/14/2018,194.99,259153.1832,6182,,
10/15/2018,210.8,257050.9069,6095,,
10/16/2018,210.22,257301.1164,6114,,
10/17/2018,207.6,255963.6456,6130,,
10/18/2018,202.49,260467.6722,6142,,
10/19/2018,202.86,257014.036,6065,,
10/20/2018,205.08,254001.5821,6158,,
10/21/2018,204.77,250880.723,6124,,
10/22/2018,203.6,248448.5101,6065,,
10/23/2018,203.7,251290.444,6168,,
10/24/2018,202.92,252624.5976,6124,,
10/25/2018,201.23,248587.8675,6123,,
10/26/2018,203.37,247418.1596,6122,,
10/27/2018,202.79,249171.0755,6100,,
10/28/2018,203.72,247255.9293,6137,,
10/29/2018,195.67,245030.1321,6111,,
10/30/2018,196.19,246201.3542,6043,,
10/31/2018,197.85,250905.0699,6157,,
11/1/2018,198.73,244006.5278,6069,,
11/2/2018,201.02,238273.7031,6069,,
11/3/2018,199.47,238121.4847,6119,,
11/4/2018,211.3,242188.0672,6109,,
11/5/2018,209.7,240396.5874,6075,,
11/6/2018,219.56,240620.5981,6064,,
11/7/2018,217.99,242339.0598,6144,,
11/8/2018,211.29,244303.624,6066,,
11/9/2018,209.39,239347.1981,6091,,
11/10/2018,211.9,241506.2067,6113,,
11/11/2018,211.7,246520.2576,6121,,
11/12/2018,210.81,240140.4087,6171,,
11/13/2018,206.42,242075.0552,6095,,
11/14/2018,182.72,242719.7623,6071,,
11/15/2018,181.53,241426.555,6073,,
11/16/2018,174.84,245905.3567,6182,,
11/17/2018,174.22,236757.3434,6112,,
11/18/2018,177.53,237403.7532,6159,,
11/19/2018,148.22,234641.4812,5999,,
11/20/2018,130.74,230234.6676,6028,,
11/21/2018,136.5,221561.8192,6136,,
11/22/2018,124.83,215752.1927,6063,,
11/23/2018,123.37,218447.3683,6119,,
11/24/2018,112.75,216064.3952,6119,,
11/25/2018,116.75,212268.4544,6154,,
11/26/2018,108.87,212144.5729,6071,,
11/27/2018,110.19,195098.6206,5995,,
11/28/2018,122.88,187566.5787,6026,,
11/29/2018,117.48,190642.8421,6121,,
11/30/2018,112.87,189699.1171,6046,,
12/1/2018,118.5,194472.9925,6057,,
12/2/2018,115.96,186119.0702,6061,,
12/3/2018,108.23,185698.7963,6033,,
12/4/2018,109.82,189779.3064,6039,,
12/5/2018,101.57,185236.3756,6017,,
12/6/2018,90.43,188467.1311,6056,,
12/7/2018,93.61,180043.8657,5972,,
12/8/2018,91.44,176367.3456,6023,,
12/9/2018,94.42,174777.9395,6097,,
12/10/2018,90.7,184534.788,6176,,
12/11/2018,88.05,177759.9197,5984,,
12/12/2018,90.52,172754.9686,6076,,
12/13/2018,86.39,171179.1852,6097,,
12/14/2018,83.9,167959.6613,6014,,
12/15/2018,84.27,171971.1573,6115,,
12/16/2018,85.39,169448.7942,6039,,
12/17/2018,95.44,166783.1153,5891,,
12/18/2018,102.44,163361.85,5861,,
12/19/2018,100.63,165252.0656,5849,,
12/20/2018,116.43,164235.7302,5853,,
12/21/2018,109.44,166137.2784,5837,,
12/22/2018,118.36,168323.7647,5925,,
12/23/2018,131.56,169348.9776,5865,,
12/24/2018,140.87,177137.159,5927,,
12/25/2018,130.99,182556.3271,5967,,
12/26/2018,132.61,189689.6534,5961,,
12/27/2018,116.72,184499.9643,5893,,
12/28/2018,139.73,181452.6836,5907,,
12/29/2018,137.3,182108.4782,5960,,
12/30/2018,141.33,183085.9828,5886,,
12/31/2018,133.49,185526.8826,5921,,
1/1/2019,142.66,174844.3888,5871,,
1/2/2019,156.57,180873.7589,5931,,
1/3/2019,149.44,181264.0069,5580,,
1/4/2019,156.04,180399.7742,5554,,
1/5/2019,156.23,185468.098,5620,,
1/6/2019,158.61,187186.1718,5585,,
1/7/2019,152.09,190298.3768,5610,,
1/8/2019,151.1,184981.6534,5562,,
1/9/2019,151.17,190211.5117,5610,,
1/10/2019,127.96,186276.7852,5568,,
1/11/2019,127.16,186790.9227,5566,,
1/12/2019,125.83,181093.0092,5541,,
1/13/2019,116.56,182569.7794,5635,,
1/14/2019,129.74,184943.4647,5629,,
1/15/2019,121.22,188708.0399,5619,,
1/16/2019,123.12,179529.688,5528,,
1/17/2019,123.72,177700.9741,5561,,
1/18/2019,120.57,177754.3264,5619,,
1/19/2019,124.85,184503.3671,5683,,
1/20/2019,118.41,184550.3414,5599,,
1/21/2019,116.72,178144.598,5094,,
1/22/2019,119.12,180021.9752,5072,,
1/23/2019,117.57,168483.6724,4991,,
1/24/2019,117.7,175286.5866,5086,,
1/25/2019,115.92,175620.0016,5106,,
1/26/2019,116.33,170993.5618,5055,,
1/27/2019,112.27,168650.5178,5013,,
1/28/2019,106.36,155983.8223,4884,,
1/29/2019,104.75,146880.6219,4870,,
1/30/2019,109.04,145301.9116,4949,,
1/31/2019,106.89,150028.8135,4931,,
2/1/2019,107.03,143116.014,4848,,
2/2/2019,111,143036.2313,4935,,
2/3/2019,107.21,139150.9121,4858,,
2/4/2019,106.9,141058.0782,4938,,
2/5/2019,106.93,141593.6815,4900,,
2/6/2019,104.5,139435.1741,4892,,
2/7/2019,104.3,139449.921,4918,,
2/8/2019,119.49,142467.7242,4923,,
2/9/2019,119.46,141162.9802,4900,,
2/10/2019,125.58,145132.8832,4298,,
2/11/2019,120.76,142235.6399,4195,,
2/12/2019,122.63,147544.2715,4273,,
2/13/2019,122.31,142540.4061,4169,,
2/14/2019,120.85,140337.5751,4166,,
2/15/2019,122.02,139939.2522,4158,,
2/16/2019,123.26,144000.9622,4224,,
2/17/2019,134.28,140520.5263,4139,,
2/18/2019,146.53,144791.9973,4196,,
2/19/2019,144.4,154063.7497,4288,,
2/20/2019,149.23,152931.5965,4242,,
2/21/2019,146.36,152031.7369,4252,,
2/22/2019,149.04,150079.7621,4238,,
2/23/2019,159.48,159998.9286,4353,,
2/24/2019,133.42,156160.2762,4254,,
2/25/2019,139.02,154106.7468,4238,,
2/26/2019,137.12,156426.1998,4281,,
2/27/2019,135.94,156143.051,4281,,
2/28/2019,136.29,157689.3983,4366,,
3/1/2019,136.15,153097.6788,5994,,
3/2/2019,133.81,153058.8872,6402,,
3/3/2019,131.21,151531.1136,6379,,
3/4/2019,126.43,150458.7982,6384,,
3/5/2019,137.93,152786.6159,6429,,
3/6/2019,138.49,151340.1074,6399,,
3/7/2019,137.65,151877.0796,6438,,
3/8/2019,134.42,153458.7686,6388,,
3/9/2019,138.24,148650.1467,6380,,
3/10/2019,136.36,152288.5413,6513,,
3/11/2019,133.54,148706.84,6389,,
3/12/2019,134.37,147963.0717,6453,,
3/13/2019,132.93,146450.3292,6399,,
3/14/2019,132.89,147584.477,6422,,
3/15/2019,137.63,147372.303,6424,,
3/16/2019,141.68,153072.7414,6511,,
3/17/2019,139.74,150878.2844,6415,,
3/18/2019,138.5,148627.3403,6368,,
3/19/2019,139.46,144234.0276,6416,,
3/20/2019,140.22,150209.6171,6475,,
3/21/2019,135.61,148069.7725,6372,,
3/22/2019,136.76,146786.862,6409,,
3/23/2019,137.74,147430.1559,6431,,
3/24/2019,136.21,147221.5813,6432,,
3/25/2019,133.96,147020.8267,6429,,
3/26/2019,134.29,142510.2071,6358,,
3/27/2019,140.23,141617.4885,6458,,
3/28/2019,138.39,141422.8001,6373,,
3/29/2019,144.41,141987.9888,6369,,
3/30/2019,143.29,136800.333,6371,,
3/31/2019,142.4,137794.0603,6417,,
4/1/2019,141.85,145052.8084,6420,,
4/2/2019,164.93,143434.3513,6357,,
4/3/2019,161.18,142099.9699,6336,,
4/4/2019,158.07,146678.0654,6406,,
4/5/2019,166.39,145454.2284,6427,,
4/6/2019,166.28,146623.543,6452,,
4/7/2019,175.57,145749.6505,6476,,
4/8/2019,181.06,146577.5911,6441,,
4/9/2019,176.3,147734.0918,6430,,
4/10/2019,177.39,151042.7971,6455,,
4/11/2019,165.24,150418.3563,6384,,
4/12/2019,164.56,149367.7831,6420,,
4/13/2019,164.53,152091.1421,6483,,
4/14/2019,168.68,153896.4586,6422,,
4/15/2019,160.3,154386.8729,6443,,
4/16/2019,166.9,151780.8453,6408,,
4/17/2019,167.02,148013.0854,6381,,
4/18/2019,174.6,147588.2697,6406,,
4/19/2019,174.13,150842.0119,6449,,
4/20/2019,173.96,149431.5319,6370,,
4/21/2019,170.3,150581.2768,6462,,
4/22/2019,171.9,152211.0941,6429,,
4/23/2019,170.66,150491.558,6296,,
4/24/2019,166.05,147605.7983,6392,,
4/25/2019,152.99,148047.3709,6466,,
4/26/2019,156.45,148934.0643,6453,,
4/27/2019,158.36,151569.4474,6476,,
4/28/2019,158.05,150065.793,6389,,
4/29/2019,156.69,152499.316,6452,,
4/30/2019,164.39,154027.76,6412,,
5/1/2019,161.42,153722.9371,6465,,
5/2/2019,161.29,152292.7053,6442,,
5/3/2019,168.24,149734.1014,6341,,
5/4/2019,163.61,157316.5166,6530,,
5/5/2019,163.94,156285.5768,6386,,
5/6/2019,173.7,152371.8572,6359,,
5/7/2019,168.59,155268.599,6395,,
5/8/2019,171.42,153710.6,6336,,
5/9/2019,170.86,154275.3123,6364,,
5/10/2019,172.5,154745.8825,6439,,
5/11/2019,192.44,155036.8502,6396,,
5/12/2019,188.14,157778.9209,6441,,
5/13/2019,195.83,155740.5065,6360,,
5/14/2019,217.16,160908.952,6470,,
5/15/2019,248.64,162979.116,6470,,
5/16/2019,264.47,161412.0335,6342,,
5/17/2019,244.84,170929.3098,6439,,
5/18/2019,233.96,171711.2012,6402,,
5/19/2019,260.9,168230.642,6386,,
5/20/2019,252.1,165541.0784,6349,,
5/21/2019,254.94,163076.6483,6339,,
5/22/2019,243.46,164945.575,6401,,
5/23/2019,245.6,162420.2795,6329,,
5/24/2019,249.61,159701.1251,6392,,
5/25/2019,251.49,162225.7339,6526,,
5/26/2019,268.26,161032.7064,6428,,
5/27/2019,271.83,165801.474,6393,,
5/28/2019,271.45,161367.1711,6342,,
5/29/2019,269.6,171496.9579,6536,,
5/30/2019,254.45,168020.9482,6301,,
5/31/2019,267.42,169060.8842,6476,,
6/1/2019,264.71,169032.1384,6366,,
6/2/2019,269.31,170485.9048,6386,,
6/3/2019,249.61,163195.0397,6322,,
6/4/2019,241.1,164488.7217,6401,,
6/5/2019,246.16,162120.4283,6398,,
6/6/2019,249.43,168419.0153,6452,,
6/7/2019,249.54,167649.4198,6345,,
6/8/2019,244.4,163030.2239,6337,,
6/9/2019,231.43,159778.6588,6368,,
6/10/2019,247.96,163745.7268,6447,,
6/11/2019,245.16,161584.9525,6392,,
6/12/2019,263.05,161245.1261,6372,,
6/13/2019,255.09,158745.7391,6417,,
6/14/2019,263.76,159829.0172,6410,,
6/15/2019,269.22,160137.3641,6368,,
6/16/2019,268.53,160811.7646,6436,,
6/17/2019,273.92,161713.7849,6380,,
6/18/2019,264.51,160000.6762,6369,,
6/19/2019,269.01,163011.8685,6397,,
6/20/2019,272.21,162069.9412,6397,,
6/21/2019,296.03,159418.4325,6332,,
6/22/2019,309.41,159827.2427,6457,,
6/23/2019,307.37,162318.9054,6400,,
6/24/2019,311.22,166178.5326,6436,,
6/25/2019,316.53,167034.8124,6422,,
6/26/2019,333.76,174451.6268,6421,,
6/27/2019,294.07,172580.466,6386,,
6/28/2019,309.37,169995.0119,6395,,
6/29/2019,317.32,174666.3416,6433,,
6/30/2019,290.15,174456.9459,6426,,
7/1/2019,294.17,172460.4335,6434,,
7/2/2019,291.61,175169.9131,6407,,
7/3/2019,302.17,169411.2432,6397,,
7/4/2019,283.1,168938.6016,6411,,
7/5/2019,287.9,169048.8549,6379,,
7/6/2019,287.98,174383.7818,6483,,
7/7/2019,306.43,171995.4145,6482,,
7/8/2019,313.34,170731.7849,6419,,
7/9/2019,307.89,174574.869,6453,,
7/10/2019,288.64,175227.6061,6398,,
7/11/2019,268.56,179304.7615,6436,,
7/12/2019,275.41,179359.1291,6339,,
7/13/2019,268.94,178738.4731,6438,,
7/14/2019,226.16,182054.5074,6525,,
7/15/2019,228.14,180056.646,6346,,
7/16/2019,198.71,174846.4557,6318,,
7/17/2019,211.29,179646.5336,6381,,
7/18/2019,226.09,179801.3623,6478,,
7/19/2019,221.28,173673.0553,6364,,
7/20/2019,228.71,177854.7534,6504,,
7/21/2019,225.4,173257.495,6403,,
7/22/2019,217.22,172778.6891,6481,,
7/23/2019,212.21,175478.344,6477,,
7/24/2019,216.66,176912.3762,6436,,
7/25/2019,219.41,175360.1291,6358,,
7/26/2019,219.23,174397.9111,6451,,
7/27/2019,219.85,179382.5403,6477,,
7/28/2019,211.15,176411.9848,6458,,
7/29/2019,211.52,175646.1396,6379,,
7/30/2019,209.82,180307.3545,6502,,
7/31/2019,218.7,174941.351,6405,,
8/1/2019,217.51,173228.7337,6343,,
8/2/2019,217.7,176081.4457,6511,,
8/3/2019,217.73,178405.7882,6472,,
8/4/2019,222.7,180738.4185,6435,,
8/5/2019,233.19,183235.7199,6445,,
8/6/2019,228.7,182823.2826,6450,,
8/7/2019,225.99,184308.3472,6482,,
8/8/2019,221.18,182923.0343,6384,,
8/9/2019,210.47,181114.8757,6420,,
8/10/2019,206.26,186207.4469,6496,,
8/11/2019,216.39,181715.4689,6423,,
8/12/2019,211.28,184513.6914,6484,,
8/13/2019,208.62,183968.935,6427,,
8/14/2019,186.49,182841.3072,6459,,
8/15/2019,188.24,182862.8915,6413,,
8/16/2019,185.41,182737.0873,6449,,
8/17/2019,185.69,186578.2674,6480,,
8/18/2019,194.77,179556.5396,6437,,
8/19/2019,202.43,179945.771,6374,,
8/20/2019,196.55,178785.0863,6432,,
8/21/2019,187.32,177566.9045,6449,,
8/22/2019,190.74,171272.3935,6400,,
8/23/2019,194.64,177598.6117,6468,,
8/24/2019,191.08,173067.8396,6315,,
8/25/2019,186.58,174801.3614,6572,,
8/26/2019,188.46,177089.2406,6363,,
8/27/2019,187.17,170420.4691,6415,,
8/28/2019,173.01,173711.3269,6410,,
8/29/2019,168.95,179236.6472,6493,,
8/30/2019,168.52,180476.1969,6414,,
8/31/2019,172.15,177978.4232,6420,,
9/1/2019,171.42,176687.9581,6402,,
9/2/2019,178.76,178611.112,6432,,
9/3/2019,179.13,179057.3439,6401,,
9/4/2019,175.01,175086.6283,6392,,
9/5/2019,174.38,178184.2536,6449,,
9/6/2019,169.47,172733.3243,6383,,
9/7/2019,178.32,181098.5111,6428,,
9/8/2019,181.67,180477.091,6402,,
9/9/2019,180.84,177112.0631,6434,,
9/10/2019,180.01,178378.5661,6388,,
9/11/2019,178.48,179039.046,6437,,
9/12/2019,181.19,185563.6201,6436,,
9/13/2019,181.56,181414.6861,6313,,
9/14/2019,188.9,184795.162,6440,,
9/15/2019,189.48,183581.7865,6377,,
9/16/2019,197.85,189304.7567,6455,,
9/17/2019,207.9,192000.1552,6429,,
9/18/2019,210.5,196018.5435,6477,,
9/19/2019,221.01,190494.7857,6327,,
9/20/2019,218.26,193637.0258,6451,,
9/21/2019,215.1,198978.4597,6392,,
9/22/2019,211.23,192734.9286,6391,,
9/23/2019,200.97,199333.536,6448,,
9/24/2019,166.47,191290.0079,6276,,
9/25/2019,170.22,196682.8169,6384,,
9/26/2019,166.06,197297.1021,6403,,
9/27/2019,174.39,194629.5574,6337,,
9/28/2019,174.14,195699.3392,6438,,
9/29/2019,169.68,194449.6847,6418,,
9/30/2019,181.47,193290.9662,6384,,
10/1/2019,176.39,194142.7961,6426,,
10/2/2019,181.06,188135.7534,6337,,
10/3/2019,175.17,186885.8356,6400,,
10/4/2019,176.21,188236.163,6440,,
10/5/2019,176.9,188788.1289,6441,,
10/6/2019,170.26,189711.3362,6449,,
10/7/2019,180.49,187555.9301,6364,,
10/8/2019,181.09,186244.7815,6352,,
10/9/2019,193.43,185639.6907,6362,,
10/10/2019,191.73,188842.2452,6344,,
10/11/2019,180.94,193819.3686,6359,,
10/12/2019,180.09,187123.4417,6329,,
10/13/2019,181.37,192904.6556,6374,,
10/14/2019,186.96,188728.8483,6387,,
10/15/2019,180.74,199635.4789,6431,,
10/16/2019,174.76,193962.352,6332,,
10/17/2019,177.5,193195.3343,6300,,
10/18/2019,173.29,187021.2994,6328,,
10/19/2019,172.37,193141.7473,6354,,
10/20/2019,175.84,193542.0555,6367,,
10/21/2019,174.64,186014.7475,6293,,
10/22/2019,171.64,187596.6071,6412,,
10/23/2019,162.72,194378.8577,6384,,
10/24/2019,161.07,189521.9698,6264,,
10/25/2019,181.79,182920.1315,6127,,
10/26/2019,180.16,187611.5163,6267,,
10/27/2019,184.34,182320.5677,6174,,
10/28/2019,182.09,184699.5557,6242,,
10/29/2019,191.11,185683.4638,6211,,
10/30/2019,183.52,188925.8577,6234,,
10/31/2019,182.59,188955.653,6216,,
11/1/2019,183.4,190522.2155,6279,,
11/2/2019,183.45,187497.2537,6166,,
11/3/2019,181.92,186341.3478,6270,,
11/4/2019,186.49,183158.2215,6196,,
11/5/2019,188.96,185653.8604,6227,,
11/6/2019,191.24,188146.3516,6203,,
11/7/2019,186.54,187902.6798,6167,,
11/8/2019,183.85,186125.1496,6189,,
11/9/2019,185.11,185629.0391,6137,,
11/10/2019,189.29,185993.7726,6001,,
11/11/2019,184.91,183827.7149,5984,,
11/12/2019,187.09,186497.6129,6022,,
11/13/2019,188.1,189834.3566,6013,,
11/14/2019,184.68,185732.041,6030,,
11/15/2019,180.03,184339.1196,5986,,
11/16/2019,182.61,180723.6621,6014,,
11/17/2019,184.2,185684.0567,6023,,
11/18/2019,178.23,186160.7828,5981,,
11/19/2019,175.96,175333.371,5896,,
11/20/2019,174.68,173702.3998,5990,,
11/21/2019,161.18,183109.0627,6070,,
11/22/2019,150.22,178083.5605,5963,,
11/23/2019,152.42,180500.2788,6054,,
11/24/2019,140.42,180480.0363,6013,,
11/25/2019,146.22,183588.536,5901,,
11/26/2019,148,168897.623,5663,,
11/27/2019,153.05,174877.5321,5656,,
11/28/2019,151.31,174311.4474,5626,,
11/29/2019,154.94,174000.1415,5617,,
11/30/2019,152.2,176390.3669,5702,,
12/1/2019,151.36,172298.0926,5608,,
12/2/2019,149.36,175854.8519,5668,,
12/3/2019,147.73,178911.143,5634,,
12/4/2019,145.73,175050.2398,5572,,
12/5/2019,148.32,172730.816,5623,,
12/6/2019,149.06,171233.5507,5606,,
12/7/2019,147.79,176272.2813,5661,,
12/8/2019,151.06,169367.0811,5627,,
12/9/2019,147.68,172054.712,5647,,
12/10/2019,145.92,179249.6091,5696,,
12/11/2019,143.61,171878.7392,5580,,
12/12/2019,145.05,174150.7808,5706,,
12/13/2019,144.97,174481.2401,5473,,
12/14/2019,142.18,175955.0134,5131,,
12/15/2019,142.74,174569.0659,5127,,
12/16/2019,132.68,172713.111,5096,,
12/17/2019,122.11,165001.0049,5050,,
12/18/2019,133.07,157833.9578,4989,,
12/19/2019,128.31,157333.8268,5015,,
12/20/2019,128.58,152167.876,4989,,
12/21/2019,127.52,156301.3854,5078,,
12/22/2019,132.56,153702.363,4993,,
12/23/2019,128.1,154446.2514,4998,,
12/24/2019,128.02,154675.0497,5074,,
12/25/2019,125.1,150677.2825,4988,,
12/26/2019,125.73,150043.9567,4995,,
12/27/2019,126.5,151261.3112,5024,,
12/28/2019,128.21,154481.3106,5071,,
12/29/2019,134.55,154880.2767,5035,,
12/30/2019,131.41,154669.2561,5015,,
12/31/2019,128.91,152624.5334,4987,,
1/1/2020,130.6,147405.0591,4980,,
1/2/2020,127.18,153540.7797,5679,,
1/3/2020,134.25,157936.461,6522,,
1/4/2020,134.33,166126.2541,6570,,
1/5/2020,135.44,160833.3584,6488,,
1/6/2020,144.28,163488.3609,6586,,
1/7/2020,143.18,167175.9771,6533,,
1/8/2020,140.66,163834.6991,6495,,
1/9/2020,137.9,159783.4716,6530,,
1/10/2020,144.88,165545.2952,6551,,
1/11/2020,142.69,166705.0085,6528,,
1/12/2020,146.55,165169.4178,6515,,
1/13/2020,143.7,165180.9953,6540,,
1/14/2020,165.86,164961.529,6525,,
1/15/2020,166.22,167670.505,6486,,
1/16/2020,164.09,165250.7085,6533,,
1/17/2020,169.74,167107.4379,6549,,
1/18/2020,174,164400.5557,6516,,
1/19/2020,166.94,165779.1695,6570,,
1/20/2020,166.77,165912.961,6518,,
1/21/2020,169.36,167454.6893,6572,,
1/22/2020,167.79,164662.2315,6472,,
1/23/2020,162.63,166597.4955,6575,,
1/24/2020,162.45,168238.2329,6514,,
1/25/2020,160.36,165886.0094,6491,,
1/26/2020,167.72,163876.5952,6495,,
1/27/2020,169.95,165508.1396,6552,,
1/28/2020,176,162239.478,6511,,
1/29/2020,173.55,166197.8155,6551,,
1/30/2020,184.47,162017.7441,6452,,
1/31/2020,179.76,163956.052,6489,,
2/1/2020,183.66,161285.6779,6488,,
2/2/2020,188.39,166373.2284,6537,,
2/3/2020,189.77,165951.0448,6524,,
2/4/2020,188.44,169235.5531,6566,,
2/5/2020,203.85,166350.6544,6456,,
2/6/2020,212.88,167236.1033,6516,,
2/7/2020,223.14,166976.956,6509,,
2/8/2020,223.2,169782.3201,6467,,
2/9/2020,228.6,167141.6776,6491,,
2/10/2020,223.11,169133.583,6592,,
2/11/2020,237.8,171016.5903,6534,,
2/12/2020,266.13,171999.2678,6463,,
2/13/2020,268.56,174669.8601,6481,,
2/14/2020,285.79,176201.7851,6493,,
2/15/2020,264.85,175960.8209,6472,,
2/16/2020,259.43,177480.606,6552,,
2/17/2020,268.07,177058.5556,6447,,
2/18/2020,282.92,178181.3898,6480,,
2/19/2020,258.72,186380.1308,6557,,
2/20/2020,257.7,179729.8399,6480,,
2/21/2020,265.6,176910.3998,6475,,
2/22/2020,262.31,181624.565,6528,,
2/23/2020,275.64,180174.6165,6532,,
2/24/2020,265.74,182405.6804,6481,,
2/25/2020,246.84,177630.0342,6456,,
2/26/2020,223.73,179982.0467,6528,,
2/27/2020,227.57,186077.8083,6513,,
2/28/2020,227.56,181946.0373,6501,,
2/29/2020,217.68,182091.2526,6519,,
3/1/2020,218.02,179991.3884,6495,,
3/2/2020,232.09,178671.1802,6533,,
3/3/2020,223.77,180471.7872,6501,,
3/4/2020,224.68,182760.3248,6536,,
3/5/2020,228.7,181102.9681,6409,,
3/6/2020,245.76,178353.2062,6568,,
3/7/2020,237.78,181256.3073,6540,,
3/8/2020,199.68,185905.5478,6552,,
3/9/2020,203.08,181825.015,6431,,
3/10/2020,200.62,182248.865,6498,,
3/11/2020,194.86,179478.6731,6529,,
3/12/2020,109.78,181893.0697,6448,,
3/13/2020,135.44,175549.6073,6382,,
3/14/2020,122.58,172709.6044,6490,,
3/15/2020,123.53,173963.8993,6513,,
3/16/2020,111.32,174899.7895,6488,,
3/17/2020,116.3,170012.8814,6509,,
3/18/2020,118.62,174364.8188,6531,,
3/19/2020,136.7,174894.121,6482,,
3/20/2020,133.4,174054.6792,6436,,
3/21/2020,132.72,180106.6438,6444,,
3/22/2020,122.44,171178.0093,6300,,
3/23/2020,136.74,175188.2453,6448,,
3/24/2020,139.07,177982.9948,6348,,
3/25/2020,136.28,175666.9651,6374,,
3/26/2020,138.97,176100.0611,6478,,
3/27/2020,131.51,176455.2315,6554,,
3/28/2020,131.34,175777.2138,6488,,
3/29/2020,124.55,179550.9457,6573,,
3/30/2020,132.31,178537.4684,6460,,
3/31/2020,133.17,173915.7244,6472,,
4/1/2020,136.05,175437.1217,6553,,
4/2/2020,141.59,179392.9219,6484,,
4/3/2020,141.45,176900.7739,6527,,
4/4/2020,144.49,173156.1962,6491,,
4/5/2020,142.88,175373.6226,6507,,
4/6/2020,171.62,169202.2306,6433,,
4/7/2020,164.66,175025.1447,6554,,
4/8/2020,173.41,175128.6673,6502,,
4/9/2020,169.92,175967.1102,6479,,
4/10/2020,158.12,179741.0364,6515,,
4/11/2020,158.67,172886.6181,6412,,
4/12/2020,158.75,179009.276,6581,,
4/13/2020,156.82,177007.9711,6510,,
4/14/2020,158.6,180310.899,6482,,
4/15/2020,152.85,179367.6687,6491,,
4/16/2020,172.58,180755.6439,6469,,
4/17/2020,170.98,177414.4765,6445,,
4/18/2020,187.81,178317.7031,6444,,
4/19/2020,180.34,174688.5976,6487,,
4/20/2020,170.6,174358.8137,6496,,
4/21/2020,171,176861.6965,6437,,
4/22/2020,183.04,176800.2512,6481,,
4/23/2020,185.68,180267.5215,6454,,
4/24/2020,187.7,177248.1154,6476,,
4/25/2020,194.39,175986.0193,6418,,
4/26/2020,197.78,176996.6145,6458,,
4/27/2020,196.78,173346.0474,6453,,
4/28/2020,196.86,172852.1464,6420,,
4/29/2020,215.55,179635.5417,6526,,
4/30/2020,206.27,182026.9342,6377,,
5/1/2020,211.98,187072.9465,6475,,
5/2/2020,214.15,185525.6094,6471,,
5/3/2020,210.06,180677.0771,6421,,
5/4/2020,206.94,187491.3243,6541,,
5/5/2020,205.48,186883.6871,6506,,
5/6/2020,199.1,180890.2501,6386,,
5/7/2020,212.37,178858.6722,6455,,
5/8/2020,211.54,182842.5816,6486,,
5/9/2020,210.1,181423.8739,6398,,
5/10/2020,187.84,179648.2506,6493,,
5/11/2020,185.88,180380.3095,6435,,
5/12/2020,189.9,180024.9859,6398,,
5/13/2020,199.85,179815.0142,6484,,
5/14/2020,203.32,182810.0862,6455,,
5/15/2020,194.65,184975.6186,6423,,
5/16/2020,200.51,180021.6285,6402,,
5/17/2020,206.98,186270.6822,6471,,
5/18/2020,214.73,179821.4184,6406,,
5/19/2020,214.63,177233.7735,6386,,
5/20/2020,209.85,183119.6911,6455,,
5/21/2020,198.56,178439.1463,6455,,
5/22/2020,207.28,178254.4489,6353,,
5/23/2020,206.7,183802.3927,6513,,
5/24/2020,199.78,182768.8961,6411,,
5/25/2020,204.1,178237.2261,6363,,
5/26/2020,201.03,179206.0128,6478,,
5/27/2020,208.34,182878.1103,6444,,
5/28/2020,220.3,178634.5644,6413,,
5/29/2020,220.56,181030.9257,6434,,
5/30/2020,243.57,183447.9762,6440,,
5/31/2020,231.73,186409.674,6475,,
6/1/2020,248.21,182664.2025,6401,,
6/2/2020,237.81,185110.461,6458,,
6/3/2020,244.56,186574.1541,6401,,
6/4/2020,243.35,187369.4002,6427,,
6/5/2020,240.08,186074.6592,6484,,
6/6/2020,242.08,186023.9917,6435,,
6/7/2020,244.75,188580.2037,6466,,
6/8/2020,246.47,185010.9266,6411,,
6/9/2020,244,183292.2598,6480,,
6/10/2020,248.01,179062.9459,6372,,
6/11/2020,230.21,181450.5696,6458,,
6/12/2020,237.54,182327.0387,6506,,
6/13/2020,238.21,182747.7365,6488,,
6/14/2020,231.61,183596.2569,6526,,
6/15/2020,230.98,183324.2542,6462,,
6/16/2020,235.35,186231.7117,6435,,
6/17/2020,233.76,181591.9844,6416,,
6/18/2020,231.24,183042.3685,6450,,
6/19/2020,228.71,187071.0167,6503,,
6/20/2020,228.89,187926.7704,6463,,
6/21/2020,227.83,187588.6189,6505,,
6/22/2020,243.3,184143.0795,6455,,
6/23/2020,243.16,187652.3397,6442,,
6/24/2020,234.56,188992.2743,6483,,
6/25/2020,232.35,191614.8727,6450,,
6/26/2020,229.46,191549.0379,6448,,
6/27/2020,220.81,187756.7497,6365,,
6/28/2020,224.99,188072.1358,6522,,
6/29/2020,227.86,189963.4223,6393,,
6/30/2020,225.58,189228.7371,6479,,
7/1/2020,231.05,185545.71,6409,,
7/2/2020,226.49,186918.4078,6442,,
7/3/2020,225.15,190406.3447,6475,,
7/4/2020,229.34,190449.2609,6427,,
7/5/2020,228.03,188952.1425,6494,,
7/6/2020,241.76,190273.3022,6457,,
7/7/2020,239.35,188128.8811,6492,,
7/8/2020,247.11,194438.6022,6506,,
7/9/2020,242.08,191400.8872,6430,,
7/10/2020,241.21,188557.7734,6406,,
7/11/2020,239.25,192487.6551,6533,,
7/12/2020,242.84,193606.8197,6491,,
7/13/2020,239.53,195185.0935,6493,,
7/14/2020,240.44,190762.5661,6406,,
7/15/2020,238.42,190147.5158,6465,,
7/16/2020,233.61,190666.2482,6414,,
7/17/2020,232.77,186762.8145,6454,,
7/18/2020,235.84,192865.5901,6526,,
7/19/2020,239.22,191833.4859,6451,,
7/20/2020,236.16,187914.2271,6436,,
7/21/2020,245.87,182592.6446,6380,,
7/22/2020,264.32,180690.7122,6460,,
7/23/2020,275.65,189843.8271,6522,,
7/24/2020,279.6,195802.2415,6502,,
7/25/2020,305.67,186965.8875,6355,,
7/26/2020,311.47,194586.5201,6488,,
7/27/2020,322.39,194650.5431,6444,,
7/28/2020,317.47,200572.0905,6476,,
7/29/2020,318.27,201604.2163,6512,,
7/30/2020,335.25,196434.3489,6386,,
7/31/2020,346.81,191051.4298,6479,,
8/1/2020,387.41,195149.3351,6517,,
8/2/2020,371.93,200624.1553,6486,,
8/3/2020,386.1,193873.5688,6476,,
8/4/2020,389.79,195108.6717,6405,,
8/5/2020,401.12,194383.8445,6457,,
8/6/2020,395.07,197226.264,6515,,
8/7/2020,379.57,200371.091,6483,,
8/8/2020,397.56,201237.8237,6457,,
8/9/2020,390.28,206618.5654,6530,,
8/10/2020,395.84,204235.9306,6482,,
8/11/2020,378.94,201388.74,6468,,
8/12/2020,387.19,204993.2998,6507,,
8/13/2020,424.97,204911.4056,6479,,
8/14/2020,438.51,212972.5266,6504,,
8/15/2020,432.63,216288.0682,6475,,
8/16/2020,433.85,210989.8461,6505,,
8/17/2020,431.26,201924.5938,6398,,
8/18/2020,422.38,198715.741,6561,,
8/19/2020,407.85,207161.0726,6507,,
8/20/2020,416.04,211546.0195,6534,,
8/21/2020,387.98,216400.1501,6490,,
8/22/2020,395.46,213028.1383,6456,,
8/23/2020,390.72,218512.3304,6577,,
8/24/2020,408.03,215700.7195,6516,,
8/25/2020,383.34,216519.2237,6425,,
8/26/2020,386.02,219546.5723,6569,,
8/27/2020,383.18,215614.0542,6497,,
8/28/2020,395.54,220801.5637,6533,,
8/29/2020,398.79,214522.2972,6508,,
8/30/2020,429.04,218630.3631,6531,,
8/31/2020,434.1,219795.4565,6592,,
9/1/2020,475.81,228234.5557,6531,,
9/2/2020,439.83,227655.0292,6491,,
9/3/2020,382.46,223022.8005,6463,,
9/4/2020,385.91,234450.5062,6607,,
9/5/2020,335.24,233423.1502,6542,,
9/6/2020,352.69,241698.6327,6611,,
9/7/2020,353.7,241281.8019,6470,,
9/8/2020,337.45,239313.3931,6523,,
9/9/2020,351.15,237497.0047,6490,,
9/10/2020,368.09,234123.9587,6510,,
9/11/2020,373.99,241833.8269,6571,,
9/12/2020,387.88,246616.9677,6501,,
9/13/2020,366.33,245792.1241,6545,,
9/14/2020,377.24,243008.2427,6458,,
9/15/2020,364.19,246299.1695,6551,,
9/16/2020,365.19,240506.6408,6454,,
9/17/2020,389.49,254113.4795,6590,,
9/18/2020,384.66,244661.5442,6435,,
9/19/2020,385.36,249157.4172,6526,,
9/20/2020,371.06,252148.0498,6593,,
9/21/2020,340.19,255543.1583,6567,,
9/22/2020,344.25,249373.9827,6439,,
9/23/2020,320.19,256221.4679,6527,,
9/24/2020,349.18,248121.4467,6513,,
9/25/2020,352.02,247769.8252,6452,,
9/26/2020,354.21,254199.3072,6426,,
9/27/2020,357.67,252519.4224,6368,,
9/28/2020,354.01,251418.9419,6404,,
9/29/2020,359.92,250888.4762,6387,,
9/30/2020,359.86,253214.6819,6404,,
10/1/2020,353.09,253031.2371,6425,,
10/2/2020,345.83,254357.382,6361,,
10/3/2020,346.32,249457.7118,6375,,
10/4/2020,352.67,251323.8346,6373,,
10/5/2020,353.84,254987.7643,6446,,
10/6/2020,340.85,265383.1585,6472,,
10/7/2020,341.91,259382.3062,6337,,
10/8/2020,351.2,254594.1659,6301,,
10/9/2020,365.41,257731.4794,6378,,
10/10/2020,370.88,262559.7762,6509,,
10/11/2020,374.4,260752.4476,6569,,
10/12/2020,386.91,259780.9543,6457,,
10/13/2020,381.41,265919.1653,6574,,
10/14/2020,379.04,260079.179,6538,,
10/15/2020,377.82,265545.748,6565,,
10/16/2020,365.58,262450.2101,6496,,
10/17/2020,368.53,264144.0378,6527,,
10/18/2020,378.44,253714.0929,6450,,
10/19/2020,379.41,267424.9409,6594,,
10/20/2020,368.83,264326.5699,6505,,
10/21/2020,391.46,262889.3283,6513,,
10/22/2020,414.5,264632.0375,6538,,
10/23/2020,409.57,265293.0131,6474,,
10/24/2020,412.52,270618.4473,6582,,
10/25/2020,406.3,263123.7684,6479,,
10/26/2020,393.11,255042.5903,6466,,
10/27/2020,403.74,261270.7462,6545,,
10/28/2020,388.77,264434.5193,6551,,
10/29/2020,387.54,269899.6122,6526,,
10/30/2020,382.76,262882.3879,6491,,
10/31/2020,386.76,264362.7692,6526,,
11/1/2020,396.49,268618.7783,6511,,
11/2/2020,383.61,257635.824,6474,,
11/3/2020,388.17,264416.6088,6518,,
11/4/2020,402.66,262921.7818,6527,,
11/5/2020,416.89,260937.2006,6514,,
11/6/2020,456.32,268987.9676,6539,,
11/7/2020,435.82,270855.0568,6500,,
11/8/2020,454.74,261643.365,6538,,
11/9/2020,444.45,264378.0815,6507,,
11/10/2020,450.86,265163.0229,6452,,
11/11/2020,463.91,268484.3011,6528,,
11/12/2020,462.78,264618.1822,6512,,
11/13/2020,476.87,270725.9898,6534,,
11/14/2020,461.03,265454.2954,6542,,
11/15/2020,448.51,273273.2668,6546,,
11/16/2020,461.01,264013.4807,6476,,
11/17/2020,482.71,269938.1603,6525,,
11/18/2020,478.76,266830.9124,6456,,
11/19/2020,471.82,275283.4507,6609,,
11/20/2020,510.43,274936.7927,6452,,
11/21/2020,552.26,278233.8347,6566,,
11/22/2020,560.01,280235.5571,6509,,
11/23/2020,609.13,268619.2702,6451,,
11/24/2020,604.98,280066.8046,6567,,
11/25/2020,569.4,280107.1251,6469,,
11/26/2020,520.22,277569.0916,6533,,
11/27/2020,518.83,276594.2306,6417,,
11/28/2020,537.99,276630.2627,6599,,
11/29/2020,576,285270.8271,6512,,
11/30/2020,616.14,288183.5567,6570,,
12/1/2020,586.23,291797.5556,6519,,
12/2/2020,598.26,274311.2988,6441,,
12/3/2020,616.55,286334.5167,6559,,
12/4/2020,567.67,284417.8054,6449,,
12/5/2020,596.93,284714.3389,6495,,
12/6/2020,602.3,287939.1606,6558,,
12/7/2020,591.36,283120.0076,6465,,
12/8/2020,554.82,285510.2449,6484,,
12/9/2020,573.44,289906.1899,6603,,
12/10/2020,558.36,286073.0634,6425,,
12/11/2020,544.14,280182.386,6486,,
12/12/2020,568.26,283508.9806,6491,,
12/13/2020,590.72,285898.3644,6487,,
12/14/2020,586.35,278583.3886,6524,,
12/15/2020,589.17,279636.5702,6489,,
12/16/2020,637.74,281807.8559,6535,,
12/17/2020,643.16,283549.4698,6540,,
12/18/2020,654.55,285546.1857,6491,,
12/19/2020,658.7,280966.9359,6514,,
12/20/2020,638.17,286901.0897,6542,,
12/21/2020,607.9,289574.4372,6504,,
12/22/2020,637.23,287688.3518,6502,,
12/23/2020,585.25,295181.6095,6597,,
12/24/2020,612.32,286676.6523,6470,,
12/25/2020,626.83,281844.035,6435,,
12/26/2020,636.07,292173.1417,6583,,
12/27/2020,683.98,286869.8532,6508,,
12/28/2020,729.59,300739.6361,6597,,
12/29/2020,731.55,292932.1504,6410,,
12/30/2020,752.53,289658.8006,6544,,
12/31/2020,737.15,293670.9535,6502,,
1/1/2021,730.6,293762.6595,6545,,
1/2/2021,774.9,306346.6018,6601,,
1/3/2021,978.69,303868.9075,6476,,
1/4/2021,1043.16,303251.2505,6517,,
1/5/2021,1103.19,306097.1481,6532,,
1/6/2021,1210.59,308011.7001,6485,,
1/7/2021,1225.5,306700.5055,6436,,
1/8/2021,1216.98,314493.4455,6593,,
1/9/2021,1279.96,311835.6593,6476,,
1/10/2021,1255.72,317391.222,6554,,
1/11/2021,1088.37,321688.6868,6528,,
1/12/2021,1050.04,324396.8739,6555,,
1/13/2021,1129.84,325770.1104,6561,,
1/14/2021,1232.11,328131.9598,6406,,
1/15/2021,1169.06,326202.6343,6581,,
1/16/2021,1228.52,332255.1144,6508,,
1/17/2021,1233.73,323388.492,6494,,
1/18/2021,1258.31,328427.9815,6496,,
1/19/2021,1367.65,330782.0894,6533,,
1/20/2021,1377.75,338213.5899,6578,,
1/21/2021,1111.49,333611.3356,6478,,
1/22/2021,1234.56,337203.7795,6481,,
1/23/2021,1234.1,342782.1891,6541,,
1/24/2021,1392.45,344284.8207,6481,,
1/25/2021,1318.47,349323.0236,6524,,
1/26/2021,1368.22,350582.3676,6514,,
1/27/2021,1241.51,356131.184,6468,,
1/28/2021,1330.78,353864.8024,6498,,
1/29/2021,1379.13,346680.4233,6453,,
1/30/2021,1379.35,344782.5762,6390,,
1/31/2021,1314.18,355631.6947,6637,,
2/1/2021,1374.57,363456.7296,6489,,
2/2/2021,1513.9,363476.4797,6494,,
2/3/2021,1667.22,359884.1034,6484,,
2/4/2021,1597.44,368332.2937,6516,,
2/5/2021,1721.48,367925.2545,6447,,
2/6/2021,1679.14,369168.7526,6519,,
2/7/2021,1614.64,383343.6912,6554,,
2/8/2021,1752.87,380557.1218,6468,,
2/9/2021,1772.05,378192.1621,6485,,
2/10/2021,1743,379900.8951,6528,,
2/11/2021,1787.69,385283.5901,6517,,
2/12/2021,1844.84,394544.4684,6524,,
2/13/2021,1817.48,388371.9376,6423,,
2/14/2021,1802.96,397958.5405,6559,,
2/15/2021,1779.4,397183.1821,6496,,
2/16/2021,1782.83,397159.1304,6485,,
2/17/2021,1851.14,403378.931,6549,,
2/18/2021,1939.61,395667.3644,6447,,
2/19/2021,1957.47,409076.0251,6577,,
2/20/2021,1915.12,402686.421,6495,,
2/21/2021,1935.14,394283.884,6485,,
2/22/2021,1778.07,411064.5227,6496,,
2/23/2021,1578.19,408130.2134,6502,,
2/24/2021,1625.17,416083.7354,6469,,
2/25/2021,1481.88,413567.4142,6515,,
2/26/2021,1446.1,415820.2382,6542,,
2/27/2021,1460.23,419010.0404,6489,,
2/28/2021,1422.58,418148.8532,6467,,
3/1/2021,1571.49,419972.242,6476,,
3/2/2021,1488.67,423581.9243,6550,,
3/3/2021,1568.65,408669.6429,6408,,
3/4/2021,1538.37,413048.9933,6515,,
3/5/2021,1529.75,424898.9037,6525,,
3/6/2021,1651.48,437561.5037,6563,,
3/7/2021,1726.33,432345.8003,6477,,
3/8/2021,1834.48,434026.8071,6500,,
3/9/2021,1872.1,429447.3496,6433,,
3/10/2021,1795.63,432057.6987,6532,,
3/11/2021,1827.06,429179.5044,6415,,
3/12/2021,1767.77,426231.8747,6470,,
3/13/2021,1921.18,436440.2978,6512,,
3/14/2021,1848.69,446680.906,6522,,
3/15/2021,1794.83,439958.3667,6437,,
3/16/2021,1805.64,447640.4158,6520,,
3/17/2021,1823.03,451434.9381,6484,,
3/18/2021,1776.16,445481.0982,6501,,
3/19/2021,1809.76,452384.3821,6506,,
3/20/2021,1805.49,463782.8908,6527,,
3/21/2021,1783.94,457142.7044,6421,,
3/22/2021,1682.05,453702.2598,6490,,
3/23/2021,1668.69,458818.2224,6505,,
3/24/2021,1583.24,456644.1132,6484,,
3/25/2021,1588.34,466920.5202,6514,,
3/26/2021,1699.89,478075.4561,6539,,
3/27/2021,1713.94,473457.0397,6485,,
3/28/2021,1686.74,477351.3128,6493,,
3/29/2021,1816.48,487236.732,6511,,
3/30/2021,1841.4,486381.4378,6518,,
3/31/2021,1919.08,482269.2595,6452,,
4/1/2021,1967.67,488263.6552,6516,,
4/2/2021,2134.46,490883.6004,6454,,
4/3/2021,2009.19,493933.1209,6527,,
4/4/2021,2076.62,504661.3626,6561,,
4/5/2021,2107.73,514496.8107,6510,,
4/6/2021,2112.29,507911.9863,6483,,
4/7/2021,1964.18,510173.0421,6426,,
4/8/2021,2081.11,520164.6427,6455,,
4/9/2021,2066.55,512284.61,6457,,
4/10/2021,2133.82,518135.0877,6582,,
4/11/2021,2150.54,510258.7918,6546,,
4/12/2021,2137.79,539964.1183,6516,,
4/13/2021,2298.66,536439.3516,6474,,
4/14/2021,2431.86,534784.8071,6449,,
4/15/2021,2517.08,534788.5007,6500,,
4/16/2021,2430.91,514120.6001,6433,,
4/17/2021,2318.01,522224.9023,6467,,
4/18/2021,2240.96,531046.4509,6501,,
4/19/2021,2163.36,510461.851,6400,,
4/20/2021,2332.45,530846.8549,6580,,
4/21/2021,2357.59,541356.0007,6519,,
4/22/2021,2410.48,538949.1996,6417,,
4/23/2021,2369.67,539129.7506,6450,,
4/24/2021,2216.56,541480.4112,6500,,
4/25/2021,2322.14,558255.7629,6509,,
4/26/2021,2534.9,562430.6079,6471,,
4/27/2021,2667.93,557235.5988,6488,,
4/28/2021,2750.91,575053.3189,6463,,
4/29/2021,2758.46,568263.862,6484,,
4/30/2021,2775.96,566158.3993,6451,,
5/1/2021,2947.8,572189.3644,6489,,
5/2/2021,2954.22,572049.1138,6418,,
5/3/2021,3432.21,573040.069,6507,,
5/4/2021,3241.09,588043.6014,6504,,
5/5/2021,3522.18,583361.0688,6518,,
5/6/2021,3491.74,596101.3131,6466,,
5/7/2021,3483.96,580225.3202,6447,,
5/8/2021,3916.25,592468.3454,6486,,
5/9/2021,3927.06,601085.784,6478,,
5/10/2021,3946.42,603241.7421,6517,,
5/11/2021,4181.28,604036.8695,6447,,
5/12/2021,3811.29,604529.3351,6439,,
5/13/2021,3718.99,618543.806,6538,,
5/14/2021,4087.02,619395.1676,6477,,
5/15/2021,3644.04,612776.0556,6474,,
5/16/2021,3586.18,629683.3096,6458,,
5/17/2021,3280.73,613785.9781,6419,,
5/18/2021,3377.65,628525.0569,6463,,
5/19/2021,2442.89,632820.4407,6423,,
5/20/2021,2772.84,643805.8731,6463,,
5/21/2021,2435.86,621500.1284,6410,,
5/22/2021,2297.03,621794.6472,6462,,
5/23/2021,2098.57,613847.6693,6454,,
5/24/2021,2648.77,608751.561,6487,,
5/25/2021,2707.49,605002.7384,6404,,
5/26/2021,2888.94,606507.4136,6431,,
5/27/2021,2742.48,600159.3541,6425,,
5/28/2021,2412.36,599444.4848,6463,,
5/29/2021,2278.58,597052.0837,6467,,
5/30/2021,2386.91,604655.8902,6417,,
5/31/2021,2707.38,597041.8277,6423,,
6/1/2021,2634.23,584926.6125,6478,,
6/2/2021,2706.52,598298.2993,6506,,
6/3/2021,2856.01,598452.2507,6404,,
6/4/2021,2691.17,613283.3011,6519,,
6/5/2021,2629.76,610328.8732,6434,,
6/6/2021,2710.99,618001.7688,6532,,
6/7/2021,2593.12,615433.2874,6431,,
6/8/2021,2509.23,618766.242,6475,,
6/9/2021,2610.64,607484.195,6437,,
6/10/2021,2471.56,590863.3448,6462,,
6/11/2021,2355.09,595853.4882,6454,,
6/12/2021,2369.62,584148.7717,6434,,
6/13/2021,2509.7,577674.1624,6473,,
6/14/2021,2582.12,576504.461,6431,,
6/15/2021,2543.6,594816.7019,6505,,
6/16/2021,2367.7,575448.0231,6399,,
6/17/2021,2372.31,575288.5991,6472,,
6/18/2021,2233.57,580292.3843,6405,,
6/19/2021,2166.61,562051.934,6426,,
6/20/2021,2243.6,548704.7631,6469,,
6/21/2021,1887.89,524813.2149,6316,,
6/22/2021,1880.83,515327.133,6437,,
6/23/2021,1967.95,496967.5813,6429,,
6/24/2021,1989.01,493929.6709,6418,,
6/25/2021,1810.27,481062.9144,6342,,
6/26/2021,1830.94,477535.4945,6427,,
6/27/2021,1983.33,479153.7314,6448,,
6/28/2021,2083.8,489265.9778,6466,,
6/29/2021,2165.61,492151.2463,6406,,
6/30/2021,2276.14,497653.3399,6455,,
7/1/2021,2109.29,487720.8927,6350,,
7/2/2021,2155.65,495779.9851,6437,,
7/3/2021,2227.18,494127.4956,6417,,
7/4/2021,2323.27,499551.5131,6458,,
7/5/2021,2196.71,505770.1308,6419,,
7/6/2021,2322.63,513556.1927,6425,,
7/7/2021,2317.12,508001.473,6390,,
7/8/2021,2114.51,511075.8048,6450,,
7/9/2021,2145.67,507214.5453,6406,,
7/10/2021,2110.47,528498.1002,6447,,
7/11/2021,2140.45,521012.5675,6423,,
7/12/2021,2032.88,525741.023,6377,,
7/13/2021,1940.61,505946.1635,6307,,
7/14/2021,1994.22,507499.7781,6390,,
7/15/2021,1918.17,515497.2254,6427,,
7/16/2021,1877.05,514131.7288,6339,,
7/17/2021,1899.96,519579.1713,6357,,
7/18/2021,1891.96,515027.2984,6371,,
7/19/2021,1818.6,522639.5428,6435,,
7/20/2021,1786.52,517260.583,6339,,
7/21/2021,1994.98,527143.7987,6414,,
7/22/2021,2024.74,526677.2509,6422,,
7/23/2021,2125.57,530400.8128,6346,,
7/24/2021,2185.98,539441.5048,6457,,
7/25/2021,2194.34,546510.698,6401,,
7/26/2021,2228.67,549463.3409,6338,,
7/27/2021,2301.98,545518.1575,6277,,
7/28/2021,2301.12,552945.8608,6291,,
7/29/2021,2383.24,554991.031,6356,,
7/30/2021,2470.76,535578.782,6267,,
7/31/2021,2531.75,554898.312,6298,,
8/1/2021,2556.41,560842.4677,6314,,
8/2/2021,2608.44,572773.3879,6396,,
8/3/2021,2508.21,583146.7292,6346,,
8/4/2021,2725.72,589185.1148,6322,,
8/5/2021,2829.23,586145.8508,6349,,
8/6/2021,2892.36,583001.5046,6451,,
8/7/2021,3162.43,593179.9125,6549,,
8/8/2021,3013.75,591121.9159,6496,,
8/9/2021,3164.94,607369.4509,6505,,
8/10/2021,3141.67,619487.7875,6507,,
8/11/2021,3168.24,597295.3268,6401,,
8/12/2021,3047.29,611582.3824,6510,,
8/13/2021,3324.26,608645.19,6474,,
8/14/2021,3266.71,608912.5631,6500,,
8/15/2021,3311.12,599448.6015,6420,,
8/16/2021,3147.63,600680.3239,6500,,
8/17/2021,3011.96,612692.7613,6516,,
8/18/2021,3013.52,614434.5584,6399,,
8/19/2021,3184.74,639189.3216,6565,,
8/20/2021,3286.5,620184.9921,6459,,
8/21/2021,3226.59,634292.4571,6431,,
8/22/2021,3241.65,637515.1922,6521,,
8/23/2021,3322.71,622243.7809,6409,,
8/24/2021,3172.57,641082.4804,6509,,
8/25/2021,3228.86,646723.3124,6439,,
8/26/2021,3093.62,650815.1401,6504,,
8/27/2021,3275.87,649086.6499,6431,,
8/28/2021,3246.78,641075.5588,6460,,
8/29/2021,3225.3,644359.7186,6489,,
8/30/2021,3228.46,653900.8128,6472,,
8/31/2021,3435.17,663087.1763,6443,,
9/1/2021,3829.18,652124.3965,6455,,
9/2/2021,3787.7,675293.7002,6541,,
9/3/2021,3939.79,676634.6325,6466,,
9/4/2021,3887.01,665850.3958,6429,,
9/5/2021,3952.33,689556.6066,6529,,
9/6/2021,3928.4,686845.3031,6459,,
9/7/2021,3433.48,684865.9509,6417,,
9/8/2021,3499.69,695160.1981,6495,,
9/9/2021,3424.24,689976.9123,6466,,
9/10/2021,3209.41,693490.5537,6459,,
9/11/2021,3266.43,695994.1011,6396,,
9/12/2021,3405.32,715404.4068,6538,,
9/13/2021,3285.4,695488.6943,6412,,
9/14/2021,3436.05,693885.5498,6461,,
9/15/2021,3615.22,701955.9772,6454,,
9/16/2021,3569.26,703614.8161,6492,,
9/17/2021,3398.82,701845.7732,6467,,
9/18/2021,3435.76,709714.9578,6451,,
9/19/2021,3328.85,713020.5052,6508,,
9/20/2021,2966.51,708289.5205,6432,,
9/21/2021,2760.2,729828.4272,6496,,
9/22/2021,3078.88,713263.1751,6437,,
9/23/2021,3154.62,696252.0361,6411,,
9/24/2021,2930.86,709173.874,6455,,
9/25/2021,2925.34,736674.3172,6573,,
9/26/2021,3064.21,718439.2308,6402,,
9/27/2021,2927.73,719363.987,6454,,
9/28/2021,2807.44,703279.6032,6358,,
9/29/2021,2850.87,714292.5673,6412,,
9/30/2021,3000.83,705663.7216,6338,,
10/1/2021,3310.63,729106.0202,6485,,
10/2/2021,3389.48,728724.3801,6388,,
10/3/2021,3420.14,721702.9948,6363,,
10/4/2021,3384.5,718428.7103,6366,,
10/5/2021,3516.09,745227.6862,6411,,
10/6/2021,3576.08,744109.3803,6427,,
10/7/2021,3588.2,732914.122,6324,,
10/8/2021,3562.84,755056.9149,6417,,
10/9/2021,3576.4,734342.6853,6349,,
10/10/2021,3416.49,734875.5102,6375,,
10/11/2021,3544.14,753653.3135,6382,,
10/12/2021,3490.61,751624.8591,6353,,
10/13/2021,3607.55,755125.0721,6320,,
10/14/2021,3791.23,750305.2634,6330,,
10/15/2021,3868.16,730258.3181,6318,,
10/16/2021,3829.61,750456.8859,6446,,
10/17/2021,3846.66,750143.6308,6385,,
10/18/2021,3746.14,743880.9098,6316,,
10/19/2021,3877.45,747945.6305,6440,,
10/20/2021,4162.49,754709.6163,6354,,
10/21/2021,4062.76,764763.9938,6487,,
10/22/2021,3971.95,775464.5922,6411,,
10/23/2021,4168.96,762041.8258,6348,,
10/24/2021,4082.08,771219.5668,6359,,
10/25/2021,4220.26,791071.4421,6418,,
10/26/2021,4129.95,796164.1634,6414,,
10/27/2021,3924.31,792962.2137,6345,,
10/28/2021,4288.22,782103.3856,6408,,
10/29/2021,4417.4,784257.731,6368,,
10/30/2021,4323.94,798599.361,6345,,
10/31/2021,4290.1,778448.5875,6317,,
11/1/2021,4322.79,812768.9228,6423,,
11/2/2021,4593.15,813533.6271,6308,,
11/3/2021,4604.4,821207.0578,6385,,
11/4/2021,4536.99,786898.5689,6282,,
11/5/2021,4480.09,809414.9277,6446,,
11/6/2021,4521.41,803254.6443,6339,,
11/7/2021,4617.13,830058.8955,6452,,
11/8/2021,4810.97,828352.8021,6346,,
11/9/2021,4732.07,843908.6252,6372,,
11/10/2021,4632.98,827627.5242,6382,,
11/11/2021,4722.68,852646.6571,6373,,
11/12/2021,4668.7,851709.6849,6421,,
11/13/2021,4645.64,858640.8968,6326,,
11/14/2021,4627.5,846521.7889,6345,,
11/15/2021,4561.38,860730.2002,6319,,
11/16/2021,4210.14,840451.8551,6254,,
11/17/2021,4289.75,876388.0683,6390,,
11/18/2021,3998.17,892219.4763,6372,,
11/19/2021,4299.27,846258.9856,6232,,
11/20/2021,4415.72,841135.7763,6295,,
11/21/2021,4264.61,837845.0236,6287,,
11/22/2021,4090.46,863875.1297,6367,,
11/23/2021,4341.17,862727.0348,6339,,
11/24/2021,4271.96,863950.8831,6304,,
11/25/2021,4523.8,836120.0865,6303,,
11/26/2021,4042.55,810891.6785,6218,,
11/27/2021,4100.3,846268.2485,6386,,
11/28/2021,4297.92,853575.8145,6256,,
11/29/2021,4448.49,856967.8171,6207,,
11/30/2021,4642.38,856030.0567,6259,,
12/1/2021,4580.57,866811.3409,6237,,
12/2/2021,4514.8,885583.4592,6246,,
12/3/2021,4219.32,880689.4078,6294,,
12/4/2021,4124.26,871192.6314,6177,,
12/5/2021,4201.09,897619.6677,6228,,
12/6/2021,4357.17,902881.1073,6273,,
12/7/2021,4309.7,909842.3857,6266,,
12/8/2021,4439.98,904023.9881,6225,,
12/9/2021,4111.92,904222.6675,6282,,
12/10/2021,3902.49,890155.2453,6427,,
12/11/2021,4088.68,886741.6694,6488,,
12/12/2021,4135.31,895346.7175,6523,,
12/13/2021,3785.08,923067.6744,6486,,
12/14/2021,3862.18,932658.5315,6391,,
12/15/2021,4020.19,924274.0751,6478,,
12/16/2021,3957.03,901874.6907,6397,,
12/17/2021,3876.37,902430.8407,6468,,
12/18/2021,3961.96,927235.4423,6508,,
12/19/2021,3924.55,918428.5423,6453,,
12/20/2021,3945.57,949127.0092,6545,,
12/21/2021,4017.7,947223.3495,6442,,
12/22/2021,3982.7,930372.6554,6426,,
12/23/2021,4112.35,927101.3504,6415,,
12/24/2021,4047.87,931910.5518,6468,,
12/25/2021,4109.25,927482.138,6460,,
12/26/2021,4063.44,925236.3491,6467,,
12/27/2021,4037.87,933679.6269,6477,,
12/28/2021,3793.54,929503.7485,6442,,
12/29/2021,3629.31,946471.4939,6519,,
12/30/2021,3710.08,952593.718,6432,,
12/31/2021,3675.79,925877.7919,6379,,
